player id,team id,player,team,posicion,Edad,appearances,minutesPlayed,rating,goals,assists,goalsAssistsSum,penaltyGoals,expectedGoals,expectedAssists,totalShots,shotsOnTarget,shotsOffTarget,bigChancesCreated,keyPasses,totalPasses,accuratePassesPercentage,successfulDribbles,tackles,interceptions,ballRecovery,clearances,blockedShots,totalDuelsWon,duelLost,wasFouled,fouls,yellowCards,redCards,ownGoals,goals_per90,assists_per90,goalsAssistsSum_per90,expectedGoals_per90,expectedAssists_per90,totalShots_per90,shotsOnTarget_per90,keyPasses_per90,successfulDribbles_per90,tackles_per90,interceptions_per90,ballRecovery_per90,totalDuelsWon_per90,wasFouled_per90,fouls_per90,yellowCards_per90,redCards_per90
255389,3202,Leandro Paredes,Boca Juniors,Mediocampista,32,21,1526,7.82,2,3,5,2,0.38,0.74,31,9,11,8,39,1522,89.55,8,37,15,112,29,11,91,46,37,16,8,0,0,0.12,0.18,0.29,0.02,0.04,1.83,0.53,2.3,0.47,2.18,0.88,6.61,5.37,2.18,0.94,0.47,0.0
1485097,3212,Josué Reinatti,Newell's Old Boys,Portero,23,15,1350,7.58,0,0,0,0,,0.02,0,0,0,0,0,407,62.16,0,0,0,119,14,0,8,0,4,0,0,0,0,0.0,0.0,0.0,,0.0,0.0,0.0,0.0,0.0,0.0,0.0,7.93,0.53,0.27,0.0,0.0,0.0
221162,3211,Juan Fernando Quintero,River Plate,Mediocampista,33,15,648,7.46,3,3,6,0,0.24,1.28,30,14,7,7,29,535,84.86,5,3,3,30,4,9,15,16,7,0,0,0,0,0.42,0.42,0.83,0.03,0.18,4.17,1.94,4.03,0.69,0.42,0.42,4.17,2.08,0.97,0.0,0.0,0.0
875438,65668,Marcelo Agustín Miño,Barracas Central,Portero,29,21,1880,7.44,0,0,0,0,,0.02,0,0,0,0,0,566,55.3,0,0,0,291,30,0,10,2,6,0,2,0,0,0.0,0.0,0.0,,0.0,0.0,0.0,0.0,0.0,0.0,0.0,13.93,0.48,0.29,0.0,0.1,0.0
30027,3217,Ángel Di María,Rosario Central,Mediocampista,38,23,1833,7.43,8,4,12,3,3.18,3.23,69,28,23,11,54,922,74.08,39,14,7,73,2,18,84,115,31,8,4,0,0,0.39,0.2,0.59,0.16,0.16,3.39,1.37,2.65,1.91,0.69,0.34,3.58,4.12,1.52,0.39,0.2,0.0
1022257,36839,Aaron Molinas,Defensa y Justicia,Mediocampista,26,15,1348,7.43,3,4,7,3,0.79,0.21,19,8,8,4,31,892,86.21,11,20,11,104,17,3,48,44,16,6,3,0,0,0.2,0.27,0.47,0.05,0.01,1.27,0.53,2.07,0.73,1.34,0.73,6.94,3.2,1.07,0.4,0.2,0.0
944660,3211,Thiago Almada,River Plate,Mediocampista,25,6,449,7.42,2,0,2,1,1.92,1.01,18,8,4,1,11,366,87.7,6,10,5,36,1,6,24,23,8,4,1,0,0,0.4,0.0,0.4,0.38,0.2,3.61,1.6,2.2,1.2,2.0,1.0,7.22,4.81,1.6,0.8,0.2,0.0
874969,36837,Juan Cozzani,Club Atlético Platense,Portero,27,9,810,7.4,0,0,0,0,,0.04,0,0,0,0,0,239,59.0,0,1,0,68,12,0,5,1,3,0,0,0,0,0.0,0.0,0.0,,0.0,0.0,0.0,0.0,0.0,0.11,0.0,7.56,0.56,0.33,0.0,0.0,0.0
790756,3210,Ezequiel Unsaín,CA Talleres,Portero,31,10,900,7.39,0,0,0,0,,0.01,0,0,0,0,0,290,72.41,0,0,0,72,11,0,6,0,1,0,0,0,1,0.0,0.0,0.0,,0.0,0.0,0.0,0.0,0.0,0.0,0.0,7.2,0.6,0.1,0.0,0.0,0.0
38266,3219,Diego Rodríguez,Banfield,Portero,37,4,360,7.38,0,0,0,0,,0.01,0,0,0,0,0,112,69.64,0,0,0,25,3,0,1,0,1,0,0,0,0,0.0,0.0,0.0,,0.0,0.0,0.0,0.0,0.0,0.0,0.0,6.25,0.25,0.25,0.0,0.0,0.0
989796,3217,Franco Ibarra,Rosario Central,Mediocampista,25,26,2290,7.36,0,2,2,0,0.27,0.49,15,2,11,2,25,1442,86.82,15,123,42,153,46,2,233,132,70,42,11,0,0,0.0,0.08,0.08,0.01,0.02,0.59,0.08,0.98,0.59,4.83,1.65,6.01,9.16,2.75,1.65,0.43,0.0
991709,3201,Orlando Gill,San Lorenzo,Portero,26,19,1712,7.36,0,0,0,0,,0.01,0,0,0,0,2,464,48.28,0,1,0,191,9,0,5,2,4,0,1,1,0,0.0,0.0,0.0,,0.0,0.0,0.0,0.11,0.0,0.05,0.0,10.04,0.26,0.21,0.0,0.05,0.05
896998,189723,Ignacio Arce,Deportivo Riestra,Portero,34,26,2340,7.35,0,0,0,0,,0.15,1,0,0,1,3,944,43.96,5,1,1,392,23,1,20,2,7,1,4,0,0,0.0,0.0,0.0,,0.01,0.04,0.0,0.12,0.19,0.04,0.04,15.08,0.77,0.27,0.04,0.15,0.0
1173598,3206,Tomás Palacios,Estudiantes de La Plata,Defensor,23,18,1539,7.34,1,0,1,0,0.55,0.31,11,2,6,0,7,948,87.66,20,28,22,87,81,3,130,56,39,12,6,1,0,0.06,0.0,0.06,0.03,0.02,0.64,0.12,0.41,1.17,1.64,1.29,5.09,7.6,2.28,0.7,0.35,0.06
358618,3203,Thiago Cardozo,Club Atlético Belgrano,Portero,30,29,2640,7.34,0,0,0,0,,0.14,0,0,0,0,2,841,58.38,0,4,0,273,23,0,19,6,11,1,1,0,0,0.0,0.0,0.0,,0.0,0.0,0.0,0.07,0.0,0.14,0.0,9.31,0.65,0.38,0.03,0.03,0.0
1511998,42338,Thyago Ayala,Sarmiento,Portero,25,8,720,7.34,0,0,0,0,,0.05,0,0,0,0,0,229,47.16,0,0,0,73,5,0,1,1,0,0,0,0,0,0.0,0.0,0.0,,0.01,0.0,0.0,0.0,0.0,0.0,0.0,9.12,0.12,0.0,0.0,0.0,0.0
898750,3208,Tomás Marchiori,Vélez Sarsfield,Portero,31,10,900,7.32,0,0,0,0,,0.01,0,0,0,0,0,269,52.42,0,0,0,87,11,0,7,0,3,0,0,0,0,0.0,0.0,0.0,,0.0,0.0,0.0,0.0,0.0,0.0,0.0,8.7,0.7,0.3,0.0,0.0,0.0
248977,3210,Guido Herrera,CA Talleres,Portero,34,17,1530,7.31,0,0,0,0,,0.0,0,0,0,0,1,509,66.8,0,1,0,149,23,0,12,0,6,0,1,1,0,0.0,0.0,0.0,,0.0,0.0,0.0,0.06,0.0,0.06,0.0,8.76,0.71,0.35,0.0,0.06,0.06
248987,188441,Cesar Rigamonti,Gimnasia y Esgrima Mendoza,Portero,39,24,2160,7.3,0,0,0,0,,0.01,0,0,0,0,0,707,66.9,1,1,0,227,12,0,7,2,2,1,2,0,0,0.0,0.0,0.0,,0.0,0.0,0.0,0.0,0.04,0.04,0.0,9.46,0.29,0.08,0.04,0.08,0.0
1807930,36833,Clever Ferreira,Atlético Tucumán,Defensor,23,19,1553,7.3,3,1,4,0,0.93,0.52,23,7,13,2,6,556,67.27,6,21,24,52,131,3,123,57,14,11,4,0,0,0.17,0.06,0.23,0.05,0.03,1.33,0.41,0.35,0.35,1.22,1.39,3.01,7.13,0.81,0.64,0.23,0.0
981018,3202,Leandro Lozano,Boca Juniors,Defensor,27,19,1629,7.3,1,2,3,0,0.37,0.92,17,5,6,5,28,827,82.47,11,34,17,94,52,6,118,71,33,14,4,0,0,0.06,0.11,0.17,0.02,0.05,0.94,0.28,1.55,0.61,1.88,0.94,5.19,6.52,1.82,0.77,0.22,0.0
174377,3203,Lisandro López,Club Atlético Belgrano,Defensor,37,25,2114,7.3,1,0,1,0,0.2,0.58,16,4,11,0,11,1259,89.59,16,43,35,121,171,1,125,66,11,11,5,0,0,0.04,0.0,0.04,0.01,0.02,0.68,0.17,0.47,0.68,1.83,1.49,5.15,5.32,0.47,0.47,0.21,0.0
980886,3201,Gastón Alan Hernández,San Lorenzo,Defensor,28,9,799,7.29,0,0,0,0,,,2,0,1,0,0,353,82.72,3,26,18,19,72,1,68,39,10,7,2,0,0,0.0,0.0,0.0,,,0.23,0.0,0.0,0.34,2.93,2.03,2.14,7.66,1.13,0.79,0.23,0.0
158259,3206,Leandro González Pírez,Estudiantes de La Plata,Defensor,34,19,1503,7.27,2,0,2,0,0.24,0.06,9,4,3,0,2,859,84.75,11,17,22,63,105,2,94,48,19,16,10,0,0,0.12,0.0,0.12,0.01,0.0,0.54,0.24,0.12,0.66,1.02,1.32,3.77,5.63,1.14,0.96,0.6,0.0
28381,3206,Fernando Muslera,Estudiantes de La Plata,Portero,40,19,1665,7.25,0,0,0,0,,0.01,0,0,0,0,1,498,79.12,0,0,0,153,22,0,9,2,5,0,1,0,0,0.0,0.0,0.0,,0.0,0.0,0.0,0.05,0.0,0.0,0.0,8.27,0.49,0.27,0.0,0.05,0.0
789871,7628,Gonzalo Martínez,Tigre,Mediocampista,33,16,575,7.25,3,1,4,0,0.49,1.15,27,13,10,4,16,287,73.87,15,12,1,54,1,4,66,45,36,7,1,0,0,0.47,0.16,0.63,0.08,0.18,4.23,2.03,2.5,2.35,1.88,0.16,8.45,10.33,5.63,1.1,0.16,0.0
894415,36836,Andrés Vombergar,Aldosivi,Delantero,31,7,511,7.24,4,0,4,0,2.51,0.31,21,8,12,0,7,117,62.39,0,13,0,15,9,1,54,54,5,8,0,0,0,0.7,0.0,0.7,0.44,0.05,3.7,1.41,1.23,0.0,2.29,0.0,2.64,9.51,0.88,1.41,0.0,0.0
1086977,3208,Facundo Sanguinetti,Vélez Sarsfield,Portero,25,20,1800,7.24,0,0,0,0,,0.0,0,0,0,0,1,396,56.31,0,0,0,169,6,0,10,0,4,0,0,0,1,0.0,0.0,0.0,,0.0,0.0,0.0,0.05,0.0,0.0,0.0,8.45,0.5,0.2,0.0,0.0,0.0
841881,65668,Yonatthan Rak,Barracas Central,Defensor,33,12,841,7.24,0,0,0,0,0.02,0.12,2,0,1,1,3,465,85.38,1,22,13,47,44,1,47,26,11,5,0,0,0,0.0,0.0,0.0,0.0,0.01,0.21,0.0,0.32,0.11,2.35,1.39,5.03,5.03,1.18,0.54,0.0,0.0
871798,3212,Lucas Carrizo,Newell's Old Boys,Defensor,29,21,1715,7.24,0,0,0,0,0.03,0.63,5,1,4,0,8,1008,79.46,2,40,16,100,87,0,103,56,35,11,6,1,0,0.0,0.0,0.0,0.0,0.03,0.26,0.05,0.42,0.1,2.1,0.84,5.25,5.41,1.84,0.58,0.31,0.05
1183795,4937,Giuliano Cerato,Instituto De Córdoba,Mediocampista,28,26,2310,7.23,6,1,7,0,0.57,2.05,23,13,5,5,39,905,64.75,10,54,26,141,73,5,88,88,8,24,7,0,0,0.23,0.04,0.27,0.02,0.08,0.9,0.51,1.52,0.39,2.1,1.01,5.49,3.43,0.31,0.94,0.27,0.0
871788,3216,Francisco Álvarez,Argentinos Juniors,Defensor,26,28,2574,7.23,3,0,3,0,0.99,0.3,32,8,16,0,9,2026,88.65,4,46,60,119,190,8,178,131,25,19,8,0,0,0.1,0.0,0.1,0.03,0.01,1.12,0.28,0.31,0.14,1.61,2.1,4.16,6.22,0.87,0.66,0.28,0.0
975526,3217,Gastón Ávila,Rosario Central,Defensor,25,22,1838,7.22,3,2,5,0,0.76,0.28,20,7,9,3,6,1046,84.03,4,34,25,96,109,4,124,63,29,14,3,0,0,0.15,0.1,0.24,0.04,0.01,0.98,0.34,0.29,0.2,1.66,1.22,4.7,6.07,1.42,0.69,0.15,0.0
250219,3217,Axel Werner,Rosario Central,Portero,30,17,1530,7.22,0,0,0,0,,0.0,0,0,0,0,0,421,60.81,0,0,0,120,8,0,10,1,4,0,3,0,0,0.0,0.0,0.0,,0.0,0.0,0.0,0.0,0.0,0.0,0.0,7.06,0.59,0.24,0.0,0.18,0.0
174943,3218,Carlos Izquierdoz,CA Lanús,Defensor,37,23,2067,7.21,3,1,4,0,0.52,1.02,17,5,8,2,9,1225,84.0,0,34,34,80,158,4,122,68,13,14,8,0,0,0.13,0.04,0.17,0.02,0.04,0.74,0.22,0.39,0.0,1.48,1.48,3.48,5.31,0.57,0.61,0.35,0.0
1183059,3204,Mateo Del Blanco,Club Atlético Unión de Santa Fe,Defensor,22,18,1577,7.2,2,2,4,0,0.09,0.69,44,11,17,6,47,775,73.94,31,25,21,128,32,16,100,106,28,18,4,0,0,0.11,0.11,0.23,0.01,0.04,2.51,0.63,2.68,1.77,1.43,1.2,7.31,5.71,1.6,1.03,0.23,0.0
1387300,3215,Gabriel Rojas,Racing Club,Defensor,29,14,1290,7.2,1,4,5,0,,0.55,7,3,4,6,29,476,76.47,13,24,18,38,34,0,63,55,12,12,3,0,0,0.07,0.28,0.35,,0.04,0.49,0.21,2.02,0.91,1.67,1.26,2.65,4.4,0.84,0.84,0.21,0.0
914145,3216,Kevin Gutiérrez,Argentinos Juniors,Mediocampista,29,10,812,7.2,0,0,0,0,0.14,0.51,6,2,3,1,7,726,91.6,7,21,16,59,13,1,33,23,3,5,1,0,0,0.0,0.0,0.0,0.02,0.06,0.67,0.22,0.78,0.78,2.33,1.77,6.54,3.66,0.33,0.55,0.11,0.0
1161819,3206,Santiago Núñez,Estudiantes de La Plata,Defensor,26,19,1433,7.19,1,1,2,0,0.52,0.42,19,6,9,3,5,859,84.87,2,25,24,61,133,4,92,49,13,17,4,1,0,0.06,0.06,0.13,0.03,0.03,1.19,0.38,0.31,0.13,1.57,1.51,3.83,5.78,0.82,1.07,0.25,0.06
1018468,3206,Tiago Palacios,Estudiantes de La Plata,Mediocampista,25,18,1060,7.19,4,2,6,0,0.74,0.42,28,9,7,8,25,444,82.43,20,12,8,60,5,12,59,87,22,18,4,0,0,0.34,0.17,0.51,0.06,0.04,2.38,0.76,2.12,1.7,1.02,0.68,5.09,5.01,1.87,1.53,0.34,0.0
578460,3201,José Devecchi,San Lorenzo,Portero,31,9,747,7.19,0,0,0,0,,0.02,0,0,0,0,0,198,55.56,0,0,0,73,9,0,2,1,2,0,2,0,0,0.0,0.0,0.0,,0.0,0.0,0.0,0.0,0.0,0.0,0.0,8.8,0.24,0.24,0.0,0.24,0.0
233856,3212,Lautaro Giannetti,Newell's Old Boys,Defensor,32,10,830,7.18,0,0,0,0,0.17,0.1,4,0,0,0,1,350,84.0,2,19,16,18,69,4,56,17,1,7,1,0,0,0.0,0.0,0.0,0.02,0.01,0.43,0.0,0.11,0.22,2.06,1.73,1.95,6.07,0.11,0.76,0.11,0.0
1086924,3210,Matias Galarza,CA Talleres,Mediocampista,24,26,2083,7.18,0,1,1,0,0.2,0.54,16,2,9,4,24,1448,87.71,26,50,21,222,27,5,173,104,72,23,4,1,0,0.0,0.04,0.04,0.01,0.02,0.69,0.09,1.04,1.12,2.16,0.91,9.59,7.47,3.11,0.99,0.17,0.04
839983,3202,Sebastián Villa,Boca Juniors,Delantero,30,23,1521,7.17,0,6,6,0,0.61,1.42,40,11,19,12,57,587,79.73,38,19,6,75,0,10,82,93,22,20,2,0,0,0.0,0.36,0.36,0.04,0.08,2.37,0.65,3.37,2.25,1.12,0.36,4.44,4.85,1.3,1.18,0.12,0.0
1217939,3202,Lautaro Di Lollo,Boca Juniors,Defensor,22,21,1842,7.17,1,0,1,0,0.8,0.16,19,6,10,0,0,1431,87.21,6,48,24,94,107,3,150,70,9,15,4,0,0,0.05,0.0,0.05,0.04,0.01,0.93,0.29,0.0,0.29,2.35,1.17,4.59,7.33,0.44,0.73,0.2,0.0
588618,7629,Hernán Galíndez,Huracán,Portero,39,27,2490,7.17,0,0,0,0,,0.02,0,0,0,0,1,770,62.99,1,2,0,191,13,0,16,4,7,0,0,0,0,0.0,0.0,0.0,,0.0,0.0,0.0,0.04,0.04,0.07,0.0,6.9,0.58,0.25,0.0,0.0,0.0
928237,3215,Santiago Sosa,Racing Club,Mediocampista,27,20,1804,7.17,1,1,2,0,0.39,0.22,17,4,11,1,14,1130,80.97,2,36,44,87,99,2,137,86,7,27,5,0,0,0.05,0.05,0.1,0.02,0.01,0.85,0.2,0.7,0.1,1.8,2.2,4.34,6.83,0.35,1.35,0.25,0.0
1110289,7628,Alan Barrionuevo,Tigre,Defensor,29,25,2250,7.16,2,2,4,0,1.08,0.52,32,10,15,1,8,962,81.6,4,38,30,74,184,7,123,55,4,14,2,0,0,0.08,0.08,0.16,0.04,0.02,1.28,0.4,0.32,0.16,1.52,1.2,2.96,4.92,0.16,0.56,0.08,0.0
1516347,188441,Facundo Lencioni,Gimnasia y Esgrima Mendoza,Mediocampista,25,25,2100,7.15,4,7,11,0,3.12,1.57,63,20,28,9,54,683,75.4,41,37,11,131,16,15,121,136,29,18,5,0,0,0.17,0.3,0.47,0.13,0.07,2.7,0.86,2.31,1.76,1.59,0.47,5.61,5.19,1.24,0.77,0.21,0.0
805426,65668,Juan Espínola,Barracas Central,Portero,31,6,460,7.15,0,0,0,0,,0.0,0,0,0,0,0,131,37.4,0,0,0,49,11,0,1,1,1,0,0,0,0,0.0,0.0,0.0,,0.0,0.0,0.0,0.0,0.0,0.0,0.0,9.59,0.2,0.2,0.0,0.0,0.0
895336,65676,Alejandro Maciel,Central Córdoba,Defensor,29,24,2160,7.15,1,1,2,0,0.37,0.1,11,3,8,2,5,1009,73.93,5,51,34,64,196,0,140,87,11,22,8,0,0,0.04,0.04,0.08,0.02,0.0,0.46,0.12,0.21,0.21,2.12,1.42,2.67,5.83,0.46,0.92,0.33,0.0
1185969,3206,Fabricio Iacovich,Estudiantes de La Plata,Portero,24,9,765,7.14,0,0,0,0,,0.0,0,0,0,0,0,189,73.54,0,1,0,63,10,0,3,1,1,1,0,0,0,0.0,0.0,0.0,,0.0,0.0,0.0,0.0,0.0,0.12,0.0,7.41,0.35,0.12,0.12,0.0,0.0
1650569,42338,Julián Mavilla,Sarmiento,Mediocampista,26,15,910,7.14,4,1,5,0,0.85,0.53,14,8,5,2,16,244,75.0,19,18,7,50,12,1,60,41,9,4,1,0,0,0.4,0.1,0.49,0.08,0.05,1.38,0.79,1.58,1.88,1.78,0.69,4.95,5.93,0.89,0.4,0.1,0.0
789640,3210,Federico Fattori,CA Talleres,Mediocampista,34,27,2248,7.13,0,1,1,0,0.12,0.25,7,3,2,0,14,2056,89.83,7,39,37,186,81,2,99,97,21,26,7,0,0,0.0,0.04,0.04,0.0,0.01,0.28,0.12,0.56,0.28,1.56,1.48,7.45,3.96,0.84,1.04,0.28,0.0
340861,3205,Nacho Fernández,Gimnasia y Esgrima,Mediocampista,36,26,2157,7.12,2,4,6,0,1.88,2.72,36,13,13,8,48,1037,79.94,27,58,17,151,41,10,185,167,84,38,11,0,0,0.08,0.17,0.25,0.08,0.11,1.5,0.54,2.0,1.13,2.42,0.71,6.3,7.72,3.5,1.59,0.46,0.0
1807994,3205,Nicolás Barros Schelotto,Gimnasia y Esgrima,Mediocampista,20,22,1474,7.12,4,3,7,0,0.21,0.95,21,10,9,6,37,758,79.42,7,36,14,66,18,2,84,70,31,22,5,1,0,0.24,0.18,0.43,0.01,0.06,1.28,0.61,2.26,0.43,2.2,0.85,4.03,5.13,1.89,1.34,0.31,0.06
1117101,3210,Román Riquelme,CA Talleres,Defensor,24,19,1743,7.12,1,1,2,0,0.25,0.13,13,2,8,0,3,1294,87.71,6,18,25,75,107,3,105,82,21,24,7,2,1,0.05,0.05,0.1,0.01,0.01,0.67,0.1,0.15,0.31,0.93,1.29,3.87,5.42,1.08,1.24,0.36,0.1
795297,3211,Lucas Martínez Quarta,River Plate,Defensor,30,29,2629,7.12,2,1,3,0,1.5,0.29,33,8,22,1,6,1841,85.71,15,53,45,138,125,3,162,94,25,28,8,0,0,0.07,0.03,0.1,0.05,0.01,1.13,0.27,0.21,0.51,1.81,1.54,4.72,5.55,0.86,0.96,0.27,0.0
174421,42338,Javier Burrai,Sarmiento,Portero,35,16,1440,7.11,0,0,0,0,,0.0,0,0,0,0,0,435,63.45,0,0,0,143,13,0,7,0,3,0,3,0,0,0.0,0.0,0.0,,0.0,0.0,0.0,0.0,0.0,0.0,0.0,8.94,0.44,0.19,0.0,0.19,0.0
909479,36839,David Martínez,Defensa y Justicia,Defensor,28,20,1653,7.11,1,1,2,0,0.44,0.42,18,2,12,2,8,1012,78.95,8,38,37,88,130,4,86,68,7,24,6,0,0,0.05,0.05,0.11,0.02,0.02,0.98,0.11,0.44,0.44,2.07,2.01,4.79,4.68,0.38,1.31,0.33,0.0
1186068,3216,Alan Lescano,Argentinos Juniors,Mediocampista,24,25,2107,7.1,5,0,5,1,1.66,0.77,40,17,15,2,24,1085,85.62,17,38,22,131,8,8,104,108,37,23,5,0,0,0.21,0.0,0.21,0.07,0.03,1.71,0.73,1.03,0.73,1.62,0.94,5.6,4.44,1.58,0.98,0.21,0.0
1003011,3202,Exequiel Zeballos,Boca Juniors,Delantero,24,8,517,7.1,1,3,4,0,0.32,0.02,14,7,4,3,6,128,76.56,16,10,0,23,1,3,38,31,11,5,0,0,0,0.17,0.52,0.7,0.06,0.0,2.44,1.22,1.04,2.79,1.74,0.0,4.0,6.62,1.91,0.87,0.0,0.0
359098,3206,Ezequiel Piovi,Estudiantes de La Plata,Mediocampista,34,23,1825,7.1,1,1,2,0,0.29,0.5,19,5,11,1,9,1108,84.66,10,63,19,108,34,3,105,84,10,30,7,0,0,0.05,0.05,0.1,0.01,0.02,0.94,0.25,0.44,0.49,3.11,0.94,5.33,5.18,0.49,1.48,0.35,0.0
977677,3211,Aníbal Moreno,River Plate,Mediocampista,27,24,2107,7.1,0,3,3,0,0.18,0.25,20,3,8,1,15,1392,84.91,10,82,44,125,41,9,125,112,16,35,5,0,0,0.0,0.13,0.13,0.01,0.01,0.85,0.13,0.64,0.43,3.5,1.88,5.34,5.34,0.68,1.5,0.21,0.0
74915,3211,Nicolás Otamendi,River Plate,Defensor,38,10,900,7.1,0,0,0,0,0.35,0.14,10,1,7,0,1,721,89.88,1,17,21,40,57,2,72,37,11,13,2,0,1,0.0,0.0,0.0,0.03,0.01,1.0,0.1,0.1,0.1,1.7,2.1,4.0,7.2,1.1,1.3,0.2,0.0
846766,7629,Facundo Waller,Huracán,Mediocampista,29,23,1716,7.1,2,0,2,0,1.35,0.3,20,7,8,1,13,800,77.75,7,64,30,126,35,5,145,112,51,41,6,0,0,0.1,0.0,0.1,0.07,0.02,1.05,0.37,0.68,0.37,3.36,1.57,6.61,7.6,2.67,2.15,0.31,0.0
1009957,3203,Adrián Sánchez,Club Atlético Belgrano,Mediocampista,27,26,2223,7.09,1,1,2,0,0.1,0.9,8,2,3,4,14,1360,86.99,10,68,47,153,35,3,130,94,33,37,4,1,0,0.04,0.04,0.08,0.0,0.04,0.32,0.08,0.57,0.4,2.75,1.9,6.19,5.26,1.34,1.5,0.16,0.04
992071,7628,Felipe Zenobio,Tigre,Portero,26,24,2160,7.09,0,0,0,0,,0.01,0,0,0,0,0,553,62.57,0,0,0,187,27,0,10,2,4,1,1,0,0,0.0,0.0,0.0,,0.0,0.0,0.0,0.0,0.0,0.0,0.0,7.79,0.42,0.17,0.04,0.04,0.0
934122,36839,Matías Borgogno,Defensa y Justicia,Portero,28,26,2340,7.09,0,0,0,0,,0.0,0,0,0,0,0,673,55.72,0,0,0,239,22,0,18,0,8,0,1,0,0,0.0,0.0,0.0,,0.0,0.0,0.0,0.0,0.0,0.0,0.0,9.19,0.69,0.31,0.0,0.04,0.0
220315,3208,Manuel Lanzini,Vélez Sarsfield,Mediocampista,33,27,2052,7.08,6,0,6,0,2.09,2.35,40,16,18,5,37,1027,84.03,28,24,14,129,8,6,118,106,58,17,3,0,0,0.26,0.0,0.26,0.09,0.1,1.75,0.7,1.62,1.23,1.05,0.61,5.66,5.18,2.54,0.75,0.13,0.0
877299,3217,Jaminton Campaz,Rosario Central,Mediocampista,26,21,1414,7.08,3,4,7,0,2.08,2.11,55,23,23,8,40,468,78.42,42,26,3,64,3,9,105,117,26,17,0,0,0,0.19,0.25,0.45,0.13,0.13,3.5,1.46,2.55,2.67,1.65,0.19,4.07,6.68,1.65,1.08,0.0,0.0
1086950,3212,Williams Barlasina,Newell's Old Boys,Portero,28,5,377,7.08,0,0,0,0,,,0,0,0,0,0,85,62.35,0,0,0,32,1,0,1,0,1,0,0,0,0,0.0,0.0,0.0,,,0.0,0.0,0.0,0.0,0.0,0.0,7.64,0.24,0.24,0.0,0.0,0.0
1118606,7628,David Romero,Tigre,Delantero,23,12,798,7.08,7,2,9,0,0.41,0.0,35,14,15,2,8,85,60.0,10,4,2,20,0,6,50,89,18,11,1,0,0,0.79,0.23,1.02,0.05,0.0,3.95,1.58,0.9,1.13,0.45,0.23,2.26,5.64,2.03,1.24,0.11,0.0
922460,3215,Gastón Lodico,Racing Club,Mediocampista,28,20,1432,7.08,0,2,2,0,1.05,1.68,15,5,7,5,53,927,84.68,13,25,10,84,12,3,64,51,20,7,1,0,0,0.0,0.13,0.13,0.07,0.11,0.94,0.31,3.33,0.82,1.57,0.63,5.28,4.02,1.26,0.44,0.06,0.0
988619,36842,José Florentín,Independiente Rivadavia,Mediocampista,30,26,2201,7.07,6,1,7,0,2.39,1.04,47,18,23,4,21,991,81.33,9,54,44,165,58,6,176,172,29,51,4,0,0,0.25,0.04,0.29,0.1,0.04,1.92,0.74,0.86,0.37,2.21,1.8,6.75,7.2,1.19,2.09,0.16,0.0
926238,3202,Álvaro Montero,Boca Juniors,Portero,31,26,2340,7.07,0,0,0,0,,0.01,0,0,0,0,2,565,58.05,0,0,0,222,34,0,17,0,6,0,0,0,0,0.0,0.0,0.0,,0.0,0.0,0.0,0.08,0.0,0.0,0.0,8.54,0.65,0.23,0.0,0.0,0.0
333421,3208,Diego Valdés,Vélez Sarsfield,Mediocampista,32,20,901,7.07,3,6,9,0,1.2,1.02,27,7,14,8,27,461,81.13,22,15,6,47,4,6,60,65,11,8,0,0,0,0.3,0.6,0.9,0.12,0.1,2.7,0.7,2.7,2.2,1.5,0.6,4.69,5.99,1.1,0.8,0.0,0.0
851824,3218,Agustín Cardozo,CA Lanús,Mediocampista,29,23,2057,7.07,0,1,1,0,0.11,0.32,8,1,6,1,11,1304,88.5,9,31,20,150,27,1,97,67,23,22,0,0,0,0.0,0.04,0.04,0.0,0.01,0.35,0.04,0.48,0.39,1.36,0.88,6.56,4.24,1.01,0.96,0.0,0.0
47339,3202,Agustín Marchesín,Boca Juniors,Portero,38,12,1072,7.07,0,0,0,0,,,0,0,0,0,0,278,67.99,0,0,0,82,5,0,4,0,3,0,0,0,0,0.0,0.0,0.0,,,0.0,0.0,0.0,0.0,0.0,0.0,6.88,0.34,0.25,0.0,0.0,0.0
147351,65676,Alan Aguerre,Central Córdoba,Portero,36,24,2029,7.06,0,1,1,0,,0.01,0,0,0,0,1,615,62.6,0,1,0,167,16,0,12,1,7,0,2,0,0,0.0,0.04,0.04,,0.0,0.0,0.0,0.04,0.0,0.04,0.0,7.41,0.53,0.31,0.0,0.09,0.0
1501702,3218,Dylan Aquino,CA Lanús,Delantero,21,20,894,7.06,6,2,8,0,1.58,0.89,34,13,10,4,20,319,78.37,23,23,9,51,4,11,65,87,17,17,5,0,0,0.6,0.2,0.81,0.16,0.09,3.42,1.31,2.01,2.32,2.32,0.91,5.13,6.54,1.71,1.71,0.5,0.0
1182504,3218,Rodrigo Castillo,CA Lanús,Delantero,27,5,358,7.06,1,3,4,0,,,7,4,3,3,10,98,79.59,3,4,6,11,6,0,29,41,11,8,0,0,0,0.25,0.75,1.01,,,1.76,1.01,2.51,0.75,1.01,1.51,2.77,7.29,2.77,2.01,0.0,0.0
789853,7628,Joaquín Laso,Tigre,Defensor,36,17,1496,7.06,0,0,0,0,,0.03,7,0,6,1,5,738,76.15,2,29,20,87,113,1,68,34,7,7,4,0,0,0.0,0.0,0.0,,0.0,0.42,0.0,0.3,0.12,1.74,1.2,5.23,4.09,0.42,0.42,0.24,0.0
558790,3216,Nicolas Oroz,Argentinos Juniors,Mediocampista,32,28,2107,7.06,2,4,6,1,0.58,1.93,17,6,5,7,37,1180,85.68,26,39,25,131,14,6,89,93,19,17,2,0,0,0.09,0.17,0.26,0.02,0.08,0.73,0.26,1.58,1.11,1.67,1.07,5.6,3.8,0.81,0.73,0.09,0.0
819093,3201,Danilo Arboleda,San Lorenzo,Defensor,31,23,2005,7.06,0,1,1,0,0.22,0.51,6,2,3,0,3,666,84.68,10,42,25,73,212,1,109,37,4,8,2,0,0,0.0,0.04,0.04,0.01,0.02,0.27,0.09,0.13,0.45,1.89,1.12,3.28,4.89,0.18,0.36,0.09,0.0
316152,3211,Ángel Correa,River Plate,Mediocampista,31,9,702,7.06,3,2,5,1,2.93,2.01,27,10,9,4,17,326,81.9,27,8,3,30,1,8,48,65,11,10,0,0,0,0.38,0.26,0.64,0.38,0.26,3.46,1.28,2.18,3.46,1.03,0.38,3.85,6.15,1.41,1.28,0.0,0.0
1094228,4937,Alex Luna,Instituto De Córdoba,Delantero,22,24,1949,7.05,6,3,9,2,3.52,1.96,75,28,27,1,31,558,75.81,37,28,13,110,1,20,147,184,72,32,7,0,0,0.28,0.14,0.42,0.16,0.09,3.46,1.29,1.43,1.71,1.29,0.6,5.08,6.79,3.32,1.48,0.32,0.0
830605,36842,Luciano Gómez,Independiente Rivadavia,Defensor,30,16,826,7.05,1,3,4,0,0.1,0.51,6,3,3,4,14,335,76.72,16,15,6,53,10,0,51,40,16,14,2,0,0,0.11,0.33,0.44,0.01,0.06,0.65,0.33,1.53,1.74,1.63,0.65,5.77,5.56,1.74,1.53,0.22,0.0
1471214,3215,Leonel Pérez,Racing Club,Mediocampista,22,6,466,7.05,1,0,1,0,0.36,0.18,2,1,1,0,3,267,87.27,2,10,5,12,11,0,34,19,9,4,2,0,0,0.19,0.0,0.19,0.07,0.03,0.39,0.19,0.58,0.39,1.93,0.97,2.32,6.57,1.74,0.77,0.39,0.0
2671506,3209,Juan Miguel Arrayago,CA Independiente,Defensor,17,6,540,7.05,1,0,1,0,0.22,0.05,1,1,0,0,1,268,88.43,2,9,6,21,30,0,25,24,6,4,1,0,0,0.17,0.0,0.17,0.04,0.01,0.17,0.17,0.17,0.33,1.5,1.0,3.5,4.17,1.0,0.67,0.17,0.0
851585,65676,Fernando Juárez,Central Córdoba,Mediocampista,28,4,315,7.05,0,0,0,0,,,0,0,0,0,2,177,83.05,1,6,6,17,8,0,24,13,9,6,1,0,0,0.0,0.0,0.0,,,0.0,0.0,0.57,0.29,1.71,1.71,4.86,6.86,2.57,1.71,0.29,0.0
249061,3203,Lucas Zelarayán,Club Atlético Belgrano,Mediocampista,34,25,2120,7.05,4,4,8,0,1.87,3.65,60,18,29,11,54,944,81.14,53,33,6,88,5,13,130,153,39,26,3,0,0,0.17,0.17,0.34,0.08,0.15,2.55,0.76,2.29,2.25,1.4,0.25,3.74,5.52,1.66,1.1,0.13,0.0
384552,3218,Nahuel Losada,CA Lanús,Portero,33,25,2250,7.05,0,0,0,0,,0.04,0,0,0,0,1,639,71.36,0,0,0,232,16,0,12,2,2,2,4,0,0,0.0,0.0,0.0,,0.0,0.0,0.0,0.04,0.0,0.0,0.0,9.28,0.48,0.08,0.08,0.16,0.0
1835781,3211,Lautaro Rivero,River Plate,Defensor,22,21,1733,7.05,1,0,1,0,0.57,0.21,15,5,9,0,4,1120,85.98,6,26,20,77,83,1,97,54,22,18,7,0,0,0.05,0.0,0.05,0.03,0.01,0.78,0.26,0.21,0.31,1.35,1.04,4.0,5.04,1.14,0.93,0.36,0.0
875481,3205,Nelson Insfrán,Gimnasia y Esgrima,Portero,31,26,2278,7.04,0,0,0,0,,0.04,0,0,0,0,1,576,59.9,0,1,0,231,14,0,5,2,0,0,2,0,0,0.0,0.0,0.0,,0.0,0.0,0.0,0.04,0.0,0.04,0.0,9.13,0.2,0.0,0.0,0.08,0.0
1065613,3211,Tomás Galván,River Plate,Mediocampista,26,29,2127,7.04,6,3,9,0,1.76,1.59,37,15,9,7,36,987,86.93,19,50,20,89,6,13,133,105,53,21,0,0,0,0.25,0.13,0.38,0.07,0.07,1.57,0.63,1.52,0.8,2.12,0.85,3.77,5.63,2.24,0.89,0.0,0.0
1003010,3206,Cristian Medina,Estudiantes de La Plata,Mediocampista,24,5,444,7.04,0,1,1,0,,,6,3,3,2,5,169,89.35,4,9,1,26,4,0,30,21,14,2,0,0,0,0.0,0.2,0.2,,,1.22,0.61,1.01,0.81,1.82,0.2,5.27,6.08,2.84,0.41,0.0,0.0
881111,36839,Cristopher Fiermarín,Defensa y Justicia,Portero,28,16,1440,7.04,0,0,0,0,,0.0,0,0,0,0,0,386,68.91,0,1,0,144,12,0,9,3,5,0,0,0,0,0.0,0.0,0.0,,0.0,0.0,0.0,0.0,0.0,0.06,0.0,9.0,0.56,0.31,0.0,0.0,0.0
122634,3209,Iván Marcone,CA Independiente,Mediocampista,36,25,2109,7.03,1,0,1,0,0.39,0.57,15,3,5,2,14,1148,82.93,24,62,25,159,32,7,134,113,35,28,7,0,0,0.04,0.0,0.04,0.02,0.02,0.64,0.13,0.6,1.02,2.65,1.07,6.79,5.72,1.49,1.19,0.3,0.0
789453,3209,Gabriel Ávalos,CA Independiente,Delantero,35,23,2047,7.03,11,5,16,2,2.59,0.95,55,15,35,9,32,474,53.59,6,9,4,32,18,5,166,153,27,32,3,0,0,0.48,0.22,0.7,0.11,0.04,2.42,0.66,1.41,0.26,0.4,0.18,1.41,7.3,1.19,1.41,0.13,0.0
822933,3211,Gonzalo Montiel,River Plate,Defensor,29,25,2174,7.02,6,2,8,3,2.36,1.37,22,9,11,3,43,1317,81.85,4,38,26,101,49,2,103,58,26,14,5,0,0,0.25,0.08,0.33,0.1,0.06,0.91,0.37,1.78,0.17,1.57,1.08,4.18,4.26,1.08,0.58,0.21,0.0
789402,42338,Mauricio Martínez,Sarmiento,Mediocampista,33,21,1490,7.02,2,0,2,0,0.67,0.39,28,7,12,2,12,650,78.31,16,30,15,93,30,9,74,63,14,7,5,0,0,0.12,0.0,0.12,0.04,0.02,1.69,0.42,0.72,0.97,1.81,0.91,5.62,4.47,0.85,0.42,0.3,0.0
578560,3211,Marcos Acuña,River Plate,Defensor,34,21,1542,7.02,1,1,2,0,0.28,1.8,15,3,4,5,26,1127,82.43,16,37,18,113,29,8,88,67,14,13,8,0,0,0.06,0.06,0.12,0.02,0.11,0.88,0.18,1.52,0.93,2.16,1.05,6.6,5.14,0.82,0.76,0.47,0.0
82474,3202,Ander Herrera,Boca Juniors,Mediocampista,37,9,468,7.02,0,0,0,0,,,7,1,2,2,7,380,87.37,1,14,5,27,4,4,27,17,7,4,1,0,0,0.0,0.0,0.0,,,1.35,0.19,1.35,0.19,2.69,0.96,5.19,5.19,1.35,0.77,0.19,0.0
875294,3206,Gabriel Neves,Estudiantes de La Plata,Mediocampista,29,19,946,7.02,0,0,0,0,0.32,0.31,7,2,2,2,19,751,82.02,3,35,8,80,27,3,52,38,3,5,2,0,0,0.0,0.0,0.0,0.03,0.03,0.67,0.19,1.81,0.29,3.33,0.76,7.61,4.95,0.29,0.48,0.19,0.0
981449,266694,Alejandro Cabrera,Estudiantes de Río Cuarto,Mediocampista,34,16,1162,7.02,0,0,0,0,0.32,0.37,13,0,10,1,10,805,86.09,4,44,18,116,29,3,88,68,28,24,4,0,0,0.0,0.0,0.0,0.02,0.03,1.01,0.0,0.77,0.31,3.41,1.39,8.98,6.82,2.17,1.86,0.31,0.0
247959,3216,Brayan Cortés,Argentinos Juniors,Portero,31,29,2670,7.01,0,0,0,0,,0.04,0,0,0,0,1,1052,81.65,1,1,0,234,22,0,9,2,0,0,5,0,0,0.0,0.0,0.0,,0.0,0.0,0.0,0.03,0.03,0.03,0.0,7.89,0.3,0.0,0.0,0.17,0.0
249643,3210,Matías Catalán,CA Talleres,Defensor,34,21,1735,7.01,0,3,3,0,0.17,0.15,14,2,8,4,13,978,86.5,3,23,11,57,120,4,69,50,4,11,1,0,0,0.0,0.16,0.16,0.01,0.01,0.73,0.1,0.67,0.16,1.19,0.57,2.96,3.58,0.21,0.57,0.05,0.0
1542680,188441,Agustín Modica,Gimnasia y Esgrima Mendoza,Delantero,23,22,1555,7.01,12,0,12,2,4.74,0.12,50,22,19,0,9,235,71.06,27,14,3,29,25,9,107,152,27,32,5,0,0,0.69,0.0,0.69,0.27,0.01,2.89,1.27,0.52,1.56,0.81,0.17,1.68,6.19,1.56,1.85,0.29,0.0
42450,188441,Ezequiel Muñoz,Gimnasia y Esgrima Mendoza,Defensor,35,23,2015,7.01,2,0,2,0,0.59,0.06,9,4,4,0,0,888,85.25,1,24,31,104,161,1,100,52,6,14,1,0,0,0.09,0.0,0.09,0.03,0.0,0.4,0.18,0.0,0.04,1.07,1.38,4.65,4.47,0.27,0.63,0.04,0.0
986473,36839,César Pérez,Defensa y Justicia,Mediocampista,23,13,1028,7.01,1,3,4,0,2.15,0.55,24,4,17,3,7,595,81.85,13,37,12,66,22,3,82,76,19,17,4,0,0,0.09,0.26,0.35,0.19,0.05,2.1,0.35,0.61,1.14,3.24,1.05,5.78,7.18,1.66,1.49,0.35,0.0
976496,3202,Alan Velasco,Boca Juniors,Mediocampista,24,15,657,7.01,4,1,5,0,1.34,0.6,23,7,10,4,18,295,83.73,14,18,4,41,3,6,47,56,12,9,1,0,0,0.55,0.14,0.68,0.18,0.08,3.15,0.96,2.47,1.92,2.47,0.55,5.62,6.44,1.64,1.23,0.14,0.0
1003013,3210,Juan Sforza,CA Talleres,Mediocampista,24,20,1315,7.01,0,0,0,0,0.27,0.46,9,2,4,1,8,906,84.55,5,35,19,81,27,3,91,63,22,19,6,0,0,0.0,0.0,0.0,0.02,0.03,0.62,0.14,0.55,0.34,2.4,1.3,5.54,6.23,1.51,1.3,0.41,0.0
896773,3203,Francisco González Metilli,Club Atlético Belgrano,Mediocampista,29,22,1014,7.0,4,1,5,0,1.25,1.75,24,8,10,3,15,473,80.76,3,27,12,58,10,6,52,48,17,10,0,0,0,0.36,0.09,0.44,0.11,0.16,2.13,0.71,1.33,0.27,2.4,1.07,5.15,4.62,1.51,0.89,0.0,0.0
848472,3218,Marcelino Moreno,CA Lanús,Mediocampista,31,10,628,7.0,3,1,4,0,0.17,0.29,27,14,7,3,19,242,83.47,13,6,1,26,2,6,33,46,13,8,1,0,0,0.43,0.14,0.57,0.02,0.04,3.87,2.01,2.72,1.86,0.86,0.14,3.73,4.73,1.86,1.15,0.14,0.0
340845,36836,Lucas Acosta,Aldosivi,Portero,31,7,630,7.0,0,0,0,0,,0.03,0,0,0,0,1,183,51.37,0,0,1,65,3,0,3,0,2,0,0,0,0,0.0,0.0,0.0,,0.0,0.0,0.0,0.14,0.0,0.0,0.14,9.29,0.43,0.29,0.0,0.0,0.0
1485215,3216,Franco Vázquez,Argentinos Juniors,Defensor,21,8,720,7.0,0,0,0,0,1.06,0.42,7,2,3,0,6,587,89.27,2,9,15,21,39,2,27,18,4,5,1,0,0,0.0,0.0,0.0,0.13,0.05,0.88,0.25,0.75,0.25,1.12,1.88,2.62,3.38,0.5,0.62,0.12,0.0
1086981,266694,Fernando Rodríguez,Estudiantes de Río Cuarto,Defensor,25,7,509,7.0,0,0,0,0,0.23,0.61,5,1,3,0,5,171,73.68,7,13,11,26,24,1,27,24,0,8,3,0,0,0.0,0.0,0.0,0.04,0.11,0.88,0.18,0.88,1.24,2.3,1.94,4.6,4.77,0.0,1.41,0.53,0.0
1099481,3204,Matías Mansilla,Club Atlético Unión de Santa Fe,Portero,30,28,2520,7.0,0,0,0,0,,0.1,0,0,0,1,1,545,51.38,0,0,0,230,14,0,9,2,5,0,2,0,1,0.0,0.0,0.0,,0.0,0.0,0.0,0.04,0.0,0.0,0.0,8.21,0.32,0.18,0.0,0.07,0.0
989865,3202,Lautaro Blanco,Boca Juniors,Defensor,27,24,2019,6.99,1,3,4,0,0.18,3.03,11,3,4,9,41,973,78.11,22,58,14,106,49,4,93,76,6,15,2,0,0,0.04,0.13,0.18,0.01,0.14,0.49,0.13,1.83,0.98,2.59,0.62,4.73,4.15,0.27,0.67,0.09,0.0
1065611,3209,Santiago Montiel,CA Independiente,Mediocampista,25,22,1499,6.99,4,4,8,0,1.38,1.68,47,18,13,5,30,414,70.29,38,21,10,55,5,16,100,100,35,12,4,1,0,0.24,0.24,0.48,0.08,0.1,2.82,1.08,1.8,2.28,1.26,0.6,3.3,6.0,2.1,0.72,0.24,0.06
895342,3203,Leonardo Morales,Club Atlético Belgrano,Defensor,35,28,2355,6.99,1,0,1,0,0.21,0.32,14,2,8,0,10,929,79.01,7,37,32,86,126,4,97,66,16,9,5,1,0,0.04,0.0,0.04,0.01,0.01,0.54,0.08,0.38,0.27,1.41,1.22,3.29,3.71,0.61,0.34,0.19,0.04
801037,3206,Alexis Castro,Estudiantes de La Plata,Mediocampista,31,25,1256,6.99,4,0,4,0,1.55,1.15,25,6,8,7,21,611,82.49,13,39,14,82,16,11,95,93,19,21,3,0,0,0.29,0.0,0.29,0.11,0.08,1.79,0.43,1.5,0.93,2.79,1.0,5.88,6.81,1.36,1.5,0.21,0.0
1214048,36837,Eugenio Raggio,Club Atlético Platense,Defensor,25,8,720,6.99,0,0,0,0,,,1,0,1,0,0,304,81.58,2,8,10,36,68,0,39,14,8,3,2,0,0,0.0,0.0,0.0,,,0.12,0.0,0.0,0.25,1.0,1.25,4.5,4.88,1.0,0.38,0.25,0.0
859697,36836,Nicolás Zalazar,Aldosivi,Defensor,29,20,1710,6.99,0,1,1,0,0.13,0.05,15,3,8,0,11,706,77.2,4,37,29,91,153,4,119,65,13,17,0,1,1,0.0,0.05,0.05,0.01,0.0,0.79,0.16,0.58,0.21,1.95,1.53,4.79,6.26,0.68,0.89,0.0,0.05
2050771,3202,Tomás Aranda,Boca Juniors,Mediocampista,19,20,1207,6.98,1,3,4,0,0.89,1.31,35,7,19,5,22,665,86.17,41,21,7,105,9,9,95,96,27,15,2,0,0,0.07,0.22,0.3,0.07,0.1,2.61,0.52,1.64,3.06,1.57,0.52,7.83,7.08,2.01,1.12,0.15,0.0
1167312,36842,Alex Arce,Independiente Rivadavia,Delantero,31,19,1186,6.98,9,1,10,2,6.67,0.98,38,17,17,1,19,314,63.06,9,9,2,32,16,4,113,128,16,23,6,0,0,0.68,0.08,0.76,0.51,0.07,2.88,1.29,1.44,0.68,0.68,0.15,2.43,8.58,1.21,1.75,0.46,0.0
830603,3216,Claudio Bravo,Argentinos Juniors,Defensor,29,10,395,6.98,0,0,0,0,0.12,0.11,3,0,2,0,2,237,82.7,3,26,7,23,14,1,34,20,1,3,1,0,0,0.0,0.0,0.0,0.03,0.03,0.68,0.0,0.46,0.68,5.92,1.59,5.24,7.75,0.23,0.68,0.23,0.0
46998,3215,Marcos Rojo,Racing Club,Defensor,36,17,1361,6.98,1,1,2,1,0.9,0.51,10,1,6,1,9,911,84.19,4,22,22,47,86,3,62,29,12,11,5,1,0,0.07,0.07,0.13,0.06,0.03,0.66,0.07,0.6,0.26,1.45,1.45,3.11,4.1,0.79,0.73,0.33,0.07
789406,3217,Jorge Broun,Rosario Central,Portero,40,4,360,6.98,0,0,0,0,,0.0,0,0,0,1,1,124,70.97,0,0,0,29,2,0,2,1,1,0,0,0,0,0.0,0.0,0.0,,0.0,0.0,0.0,0.25,0.0,0.0,0.0,7.25,0.5,0.25,0.0,0.0,0.0
971172,42338,Cristian Zabala,Sarmiento,Mediocampista,27,25,2174,6.97,1,1,2,0,0.14,0.91,12,2,8,3,22,1103,80.96,21,68,33,157,43,2,152,109,18,23,6,0,0,0.04,0.04,0.08,0.01,0.04,0.5,0.08,0.91,0.87,2.82,1.37,6.5,6.29,0.75,0.95,0.25,0.0
992226,3212,Óscar Salomón,Newell's Old Boys,Defensor,27,10,513,6.97,2,0,2,0,,,9,5,4,0,2,194,82.99,1,11,7,18,55,0,49,28,7,7,2,0,0,0.35,0.0,0.35,,,1.58,0.88,0.35,0.18,1.93,1.23,3.16,8.6,1.23,1.23,0.35,0.0
1894554,3208,Thiago Silvero,Vélez Sarsfield,Defensor,20,14,1100,6.97,1,1,2,0,0.45,0.41,11,5,5,2,4,597,70.02,5,21,17,70,84,1,73,48,16,5,4,0,1,0.08,0.08,0.16,0.04,0.03,0.9,0.41,0.33,0.41,1.72,1.39,5.73,5.97,1.31,0.41,0.33,0.0
579350,3202,Nicolás Figal,Boca Juniors,Defensor,32,7,630,6.97,0,0,0,0,0.01,0.01,5,1,3,0,1,388,86.6,1,9,8,30,41,1,28,13,3,0,1,0,0,0.0,0.0,0.0,0.0,0.0,0.71,0.14,0.14,0.14,1.29,1.14,4.29,4.0,0.43,0.0,0.14,0.0
850995,4937,Diego Alejandro Sosa,Instituto De Córdoba,Mediocampista,29,26,2271,6.97,1,3,4,0,1.53,2.09,30,8,16,7,32,845,75.27,14,40,22,123,67,6,78,64,13,17,3,0,0,0.04,0.12,0.16,0.06,0.08,1.19,0.32,1.27,0.55,1.59,0.87,4.87,3.09,0.52,0.67,0.12,0.0
249429,3204,Lucas Menossi,Club Atlético Unión de Santa Fe,Mediocampista,34,15,969,6.97,4,1,5,0,0.79,0.76,13,8,1,3,10,459,80.83,5,23,16,53,11,4,40,35,7,11,4,0,0,0.37,0.09,0.46,0.07,0.07,1.21,0.74,0.93,0.46,2.14,1.49,4.92,3.72,0.65,1.02,0.37,0.0
871849,266694,Francisco Romero,Estudiantes de Río Cuarto,Mediocampista,27,15,1163,6.97,0,0,0,0,0.06,0.2,5,0,3,0,17,582,80.76,4,21,30,62,37,2,69,35,11,6,1,0,0,0.0,0.0,0.0,0.0,0.02,0.39,0.0,1.32,0.31,1.63,2.32,4.8,5.34,0.85,0.46,0.08,0.0
930690,3211,Fausto Vera,River Plate,Mediocampista,26,24,1882,6.96,0,0,0,0,0.49,0.49,40,8,24,2,16,1449,89.79,10,44,15,116,33,8,103,95,16,31,4,1,0,0.0,0.0,0.0,0.02,0.02,1.91,0.38,0.77,0.48,2.1,0.72,5.55,4.93,0.77,1.48,0.19,0.05
365862,3208,Elías Gómez,Vélez Sarsfield,Defensor,32,26,2313,6.96,0,4,4,0,0.04,0.99,7,0,5,2,16,1076,76.3,19,42,25,173,84,2,133,99,31,26,7,0,0,0.0,0.16,0.16,0.0,0.04,0.27,0.0,0.62,0.74,1.63,0.97,6.73,5.18,1.21,1.01,0.27,0.0
932234,3205,Enzo Martínez,Gimnasia y Esgrima,Defensor,28,25,2215,6.96,2,0,2,0,0.56,0.09,15,5,9,1,2,990,77.78,5,38,47,122,167,1,128,83,17,25,5,1,1,0.08,0.0,0.08,0.02,0.0,0.61,0.2,0.08,0.2,1.54,1.91,4.96,5.2,0.69,1.02,0.2,0.04
1113236,3215,Ignacio Rodríguez,Racing Club,Mediocampista,24,11,750,6.96,1,0,1,0,0.33,1.86,8,1,3,2,11,362,83.15,12,25,11,63,12,4,59,40,13,7,2,0,0,0.12,0.0,0.12,0.04,0.22,0.96,0.12,1.32,1.44,3.0,1.32,7.56,7.08,1.56,0.84,0.24,0.0
1183794,3219,Ignacio Abraham,Banfield,Defensor,28,25,2183,6.96,0,4,4,0,0.26,1.36,16,5,8,10,27,597,63.65,18,42,15,84,80,3,105,77,18,13,1,0,0,0.0,0.16,0.16,0.01,0.06,0.66,0.21,1.11,0.74,1.73,0.62,3.46,4.33,0.74,0.54,0.04,0.0
2338281,36842,Nicolás Bolcato,Independiente Rivadavia,Portero,22,25,2236,6.96,0,0,0,0,,0.02,0,0,0,0,0,616,48.7,1,1,1,200,21,0,20,4,7,0,1,0,0,0.0,0.0,0.0,,0.0,0.0,0.0,0.0,0.04,0.04,0.04,8.05,0.81,0.28,0.0,0.04,0.0
1018407,3206,Gastón Benedetti,Estudiantes de La Plata,Defensor,25,21,1713,6.96,0,2,2,0,0.06,0.32,10,0,8,3,15,766,78.59,13,46,21,85,58,2,83,62,7,19,5,0,0,0.0,0.11,0.11,0.0,0.02,0.53,0.0,0.79,0.68,2.42,1.1,4.47,4.36,0.37,1.0,0.26,0.0
797020,4937,Fernando Alarcón,Instituto De Córdoba,Defensor,32,23,1943,6.96,2,0,2,0,0.7,0.2,16,6,7,0,8,886,75.73,1,46,36,68,134,3,112,73,8,32,10,0,0,0.09,0.0,0.09,0.03,0.01,0.74,0.28,0.37,0.05,2.13,1.67,3.15,5.19,0.37,1.48,0.46,0.0
1515401,3204,Rafael Profini,Club Atlético Unión de Santa Fe,Mediocampista,22,18,1479,6.96,1,5,6,0,0.2,0.11,13,4,5,2,26,676,83.14,15,23,12,93,14,4,68,67,18,15,1,0,0,0.06,0.3,0.37,0.01,0.01,0.79,0.24,1.58,0.91,1.4,0.73,5.66,4.14,1.1,0.91,0.06,0.0
877452,3218,José Canale,CA Lanús,Defensor,30,18,1575,6.96,0,0,0,0,0.14,0.1,5,1,1,1,3,811,84.59,4,20,21,74,117,3,77,57,15,11,2,0,0,0.0,0.0,0.0,0.01,0.01,0.29,0.06,0.17,0.23,1.14,1.2,4.23,4.4,0.86,0.63,0.11,0.0
1090319,3205,Ignacio Miramón,Gimnasia y Esgrima,Mediocampista,23,22,1704,6.95,1,0,1,0,0.57,1.23,13,4,7,4,14,834,79.38,17,47,24,122,31,2,116,103,39,34,10,0,0,0.05,0.0,0.05,0.03,0.06,0.69,0.21,0.74,0.9,2.48,1.27,6.44,6.13,2.06,1.8,0.53,0.0
946305,3216,Sebastián Prieto,Argentinos Juniors,Defensor,33,26,2105,6.95,2,2,4,0,0.59,1.16,22,5,12,5,31,1179,80.75,29,41,30,121,56,5,111,95,20,26,6,1,0,0.09,0.09,0.17,0.03,0.05,0.94,0.21,1.33,1.24,1.75,1.28,5.17,4.75,0.86,1.11,0.26,0.04
1092322,3210,Valentín Depietri,CA Talleres,Delantero,25,20,910,6.95,4,1,5,0,2.89,1.51,33,12,13,1,24,335,79.7,32,13,2,43,2,8,59,87,9,22,4,0,0,0.4,0.1,0.49,0.29,0.15,3.26,1.19,2.37,3.16,1.29,0.2,4.25,5.84,0.89,2.18,0.4,0.0
79680,3210,José Luis Palomino,CA Talleres,Defensor,36,8,523,6.95,0,0,0,0,,,6,1,5,0,1,274,86.13,0,8,6,8,47,0,29,13,0,2,0,0,0,0.0,0.0,0.0,,,1.03,0.17,0.17,0.0,1.38,1.03,1.38,4.99,0.0,0.34,0.0,0.0
215246,3203,Franco Vázquez,Club Atlético Belgrano,Mediocampista,37,27,1862,6.95,2,3,5,0,1.02,1.28,40,10,17,3,21,979,82.02,19,47,18,158,10,13,140,134,52,26,6,1,0,0.1,0.15,0.24,0.05,0.06,1.93,0.48,1.02,0.92,2.27,0.87,7.64,6.77,2.51,1.26,0.29,0.05
122638,7629,Hugo Nervo,Huracán,Defensor,35,18,1044,6.95,1,0,1,0,0.08,0.07,5,4,1,0,2,552,81.52,0,11,18,20,98,0,63,32,3,1,1,0,0,0.09,0.0,0.09,0.01,0.01,0.43,0.34,0.17,0.0,0.95,1.55,1.72,5.43,0.26,0.09,0.09,0.0
989201,36839,Damián Fernández,Defensa y Justicia,Defensor,24,22,1749,6.95,1,0,1,0,0.54,0.13,4,2,2,0,5,1009,84.44,5,62,26,100,143,0,124,76,6,20,5,0,0,0.05,0.0,0.05,0.03,0.01,0.21,0.1,0.26,0.26,3.19,1.34,5.15,6.38,0.31,1.03,0.26,0.0
358914,3208,Emanuel Mammana,Vélez Sarsfield,Defensor,30,23,1742,6.95,0,0,0,0,0.24,0.04,6,3,2,0,2,850,84.71,1,26,18,73,152,1,59,35,1,8,1,0,1,0.0,0.0,0.0,0.01,0.0,0.31,0.15,0.1,0.05,1.34,0.93,3.77,3.05,0.05,0.41,0.05,0.0
1482281,4937,Matías Gallardo,Instituto De Córdoba,Mediocampista,22,18,895,6.94,1,1,2,0,0.31,0.34,15,2,8,0,9,511,76.71,9,45,13,66,9,5,83,59,14,15,3,1,0,0.1,0.1,0.2,0.03,0.03,1.51,0.2,0.91,0.91,4.53,1.31,6.64,8.35,1.41,1.51,0.3,0.1
943995,7629,Fabio Pereyra,Huracán,Defensor,36,21,1780,6.94,0,0,0,0,0.01,0.01,8,1,5,0,2,736,75.68,2,20,19,43,192,2,106,53,8,10,1,1,0,0.0,0.0,0.0,0.0,0.0,0.4,0.05,0.1,0.1,1.01,0.96,2.17,5.36,0.4,0.51,0.05,0.05
340775,7629,Leonardo Gil,Huracán,Mediocampista,35,27,1944,6.94,1,2,3,0,0.32,1.55,15,6,8,6,43,1095,80.64,6,55,11,134,27,1,132,110,51,22,4,0,0,0.05,0.09,0.14,0.01,0.07,0.69,0.28,1.99,0.28,2.55,0.51,6.2,6.11,2.36,1.02,0.19,0.0
1218007,65668,Kevin Jappert,Barracas Central,Defensor,22,18,1305,6.94,1,0,1,0,0.21,0.21,11,4,4,1,4,518,72.78,9,34,37,87,99,3,90,40,9,14,2,0,0,0.07,0.0,0.07,0.01,0.01,0.76,0.28,0.28,0.62,2.34,2.55,6.0,6.21,0.62,0.97,0.14,0.0
1180814,36833,Kevin Ortíz,Atlético Tucumán,Mediocampista,26,15,859,6.94,0,1,1,0,,0.01,6,1,4,1,7,406,73.65,5,32,15,55,12,1,70,45,16,13,1,1,0,0.0,0.1,0.1,,0.0,0.63,0.1,0.73,0.52,3.35,1.57,5.76,7.33,1.68,1.36,0.1,0.1
898755,188441,Diego Mondino,Gimnasia y Esgrima Mendoza,Defensor,31,19,1507,6.94,0,0,0,0,0.1,0.2,7,0,5,0,0,684,78.95,3,28,29,56,120,2,89,50,7,6,4,0,0,0.0,0.0,0.0,0.01,0.01,0.42,0.0,0.0,0.18,1.67,1.73,3.34,5.32,0.42,0.36,0.24,0.0
330857,7628,Federico Álvarez,Tigre,Defensor,32,20,1446,6.94,0,1,1,0,0.34,0.1,17,2,7,0,10,522,68.2,9,34,31,78,67,8,93,40,20,12,2,0,0,0.0,0.06,0.06,0.02,0.01,1.06,0.12,0.62,0.56,2.12,1.93,4.85,5.79,1.24,0.75,0.12,0.0
2039907,3204,Maizon Rodriguez,Club Atlético Unión de Santa Fe,Defensor,23,23,2001,6.93,1,0,1,0,0.33,0.14,14,2,6,1,10,826,78.45,6,28,27,105,119,6,118,75,7,20,3,0,0,0.04,0.0,0.04,0.01,0.01,0.63,0.09,0.45,0.27,1.26,1.21,4.72,5.31,0.31,0.9,0.13,0.0
830717,3204,Cristian Tarragona,Club Atlético Unión de Santa Fe,Delantero,35,27,2358,6.93,14,1,15,2,5.78,0.44,73,32,26,6,35,630,75.08,18,20,4,79,19,15,135,219,37,46,5,1,0,0.53,0.04,0.57,0.22,0.02,2.79,1.22,1.34,0.69,0.76,0.15,3.02,5.15,1.41,1.76,0.19,0.04
1065592,188441,Esteban Fernández,Gimnasia y Esgrima Mendoza,Mediocampista,24,18,1033,6.93,2,3,5,0,0.36,1.58,10,4,2,2,26,492,85.16,24,24,8,61,6,4,72,68,19,9,4,0,0,0.17,0.26,0.44,0.03,0.14,0.87,0.35,2.27,2.09,2.09,0.7,5.31,6.27,1.66,0.78,0.35,0.0
848926,3208,Lucas Robertone,Vélez Sarsfield,Mediocampista,29,25,1483,6.93,1,1,2,0,0.35,1.39,27,6,12,4,18,863,82.62,5,39,30,102,32,9,101,103,27,34,6,1,0,0.06,0.06,0.12,0.02,0.08,1.64,0.36,1.09,0.3,2.37,1.82,6.19,6.13,1.64,2.06,0.36,0.06
1485735,7628,Santiago González,Tigre,Mediocampista,23,10,537,6.93,0,0,0,0,0.2,0.24,6,1,5,0,2,251,82.07,8,14,14,42,11,0,38,19,7,1,0,0,0,0.0,0.0,0.0,0.03,0.04,1.01,0.17,0.34,1.34,2.35,2.35,7.04,6.37,1.17,0.17,0.0,0.0
158249,3209,Rodrigo Rey,CA Independiente,Portero,35,27,2430,6.93,0,0,0,0,,0.02,0,0,0,0,0,714,63.03,0,2,0,237,17,0,14,0,7,0,2,0,0,0.0,0.0,0.0,,0.0,0.0,0.0,0.0,0.0,0.07,0.0,8.78,0.52,0.26,0.0,0.07,0.0
1116624,3206,Eros Mancuso,Estudiantes de La Plata,Defensor,27,19,1081,6.93,1,0,1,0,0.19,0.55,9,4,3,2,13,546,81.5,4,27,6,69,27,2,58,52,17,13,5,0,0,0.08,0.0,0.08,0.02,0.05,0.75,0.33,1.08,0.33,2.25,0.5,5.74,4.83,1.42,1.08,0.42,0.0
1836864,3201,Alejo Cordoba,San Lorenzo,Defensor,22,4,360,6.93,0,0,0,0,,0.01,0,0,0,0,0,201,85.57,0,13,10,13,19,0,22,13,2,1,0,0,0,0.0,0.0,0.0,,0.0,0.0,0.0,0.0,0.0,3.25,2.5,3.25,5.5,0.5,0.25,0.0,0.0
875398,36836,Ignacio Chicco,Aldosivi,Portero,30,4,360,6.93,0,0,0,0,,0.01,0,0,0,0,0,83,68.67,0,1,0,27,4,0,2,0,0,0,0,0,0,0.0,0.0,0.0,,0.0,0.0,0.0,0.0,0.0,0.25,0.0,6.75,0.5,0.0,0.0,0.0,0.0
824157,4937,Leonel Mosevich,Instituto De Córdoba,Defensor,29,26,2340,6.92,2,0,2,0,1.03,0.05,16,6,9,0,0,886,85.44,2,40,36,60,152,1,134,74,7,25,7,0,0,0.08,0.0,0.08,0.04,0.0,0.62,0.23,0.0,0.08,1.54,1.38,2.31,5.15,0.27,0.96,0.27,0.0
857487,266694,Lucas Bruera,Estudiantes de Río Cuarto,Portero,28,9,810,6.92,0,0,0,0,,0.03,0,0,0,0,0,183,61.75,0,0,0,68,5,0,2,1,1,1,1,0,0,0.0,0.0,0.0,,0.0,0.0,0.0,0.0,0.0,0.0,0.0,7.56,0.22,0.11,0.11,0.11,0.0
789910,36839,David Barbona,Defensa y Justicia,Delantero,31,19,1049,6.92,4,2,6,0,2.47,2.7,19,11,5,6,29,529,84.12,7,5,0,60,5,3,27,42,10,7,1,0,0,0.34,0.17,0.51,0.21,0.23,1.63,0.94,2.49,0.6,0.43,0.0,5.15,2.32,0.86,0.6,0.09,0.0
1005177,3204,Julián Palacios,Club Atlético Unión de Santa Fe,Mediocampista,27,25,2017,6.92,3,7,10,0,0.72,1.44,46,13,13,9,46,749,76.64,27,48,16,124,7,20,134,144,50,36,5,1,0,0.13,0.31,0.45,0.03,0.06,2.05,0.58,2.05,1.2,2.14,0.71,5.53,5.98,2.23,1.61,0.22,0.04
1065594,3218,Felipe Peña Biafore,CA Lanús,Mediocampista,25,26,1388,6.92,3,0,3,0,1.9,0.6,21,8,9,1,8,845,81.3,3,35,24,90,27,4,79,61,7,14,2,0,0,0.19,0.0,0.19,0.12,0.04,1.36,0.52,0.52,0.19,2.27,1.56,5.84,5.12,0.45,0.91,0.13,0.0
333427,3208,Claudio Baeza,Vélez Sarsfield,Mediocampista,32,21,1253,6.92,0,0,0,0,,0.16,5,0,2,0,5,804,83.46,7,34,20,88,42,3,77,66,13,16,5,0,0,0.0,0.0,0.0,,0.01,0.36,0.0,0.36,0.5,2.44,1.44,6.32,5.53,0.93,1.15,0.36,0.0
993479,3209,Juan Fedorco,CA Independiente,Defensor,25,18,1175,6.92,1,0,1,0,0.2,0.06,11,3,7,1,2,516,76.94,1,26,28,45,71,1,95,77,7,13,3,0,0,0.08,0.0,0.08,0.02,0.0,0.84,0.23,0.15,0.08,1.99,2.14,3.45,7.28,0.54,1.0,0.23,0.0
1639648,36833,Leonel Vega,Atlético Tucumán,Mediocampista,22,14,1079,6.91,0,0,0,0,,0.16,2,0,1,0,3,285,83.16,6,68,21,64,20,1,93,63,10,27,6,0,0,0.0,0.0,0.0,,0.01,0.17,0.0,0.25,0.5,5.67,1.75,5.34,7.76,0.83,2.25,0.5,0.0
2110330,3211,Tobías Andrada,River Plate,Mediocampista,19,24,2044,6.91,2,1,3,0,0.35,0.85,21,7,12,3,25,1176,83.42,27,58,21,143,16,2,127,143,35,32,6,0,0,0.09,0.04,0.13,0.02,0.04,0.92,0.31,1.1,1.19,2.55,0.92,6.3,5.59,1.54,1.41,0.26,0.0
989860,3208,Joaquín García,Vélez Sarsfield,Defensor,25,23,1969,6.91,2,1,3,0,0.33,0.68,7,5,0,1,19,898,80.96,7,47,28,88,35,2,86,79,11,18,3,0,0,0.09,0.05,0.14,0.02,0.03,0.32,0.23,0.87,0.32,2.15,1.28,4.02,3.93,0.5,0.82,0.14,0.0
909151,36839,Fernando Román,Defensa y Justicia,Defensor,27,25,1697,6.91,1,1,2,0,0.86,0.76,9,3,5,1,12,590,68.14,12,47,34,86,97,1,107,87,16,26,6,0,0,0.05,0.05,0.11,0.05,0.04,0.48,0.16,0.64,0.64,2.49,1.8,4.56,5.67,0.85,1.38,0.32,0.0
830748,3208,Rodrigo Aliendro,Vélez Sarsfield,Mediocampista,35,27,1652,6.91,1,0,1,0,1.18,0.67,28,6,14,0,8,860,82.09,14,67,29,120,29,8,135,130,22,31,1,0,0,0.05,0.0,0.05,0.06,0.04,1.53,0.33,0.44,0.76,3.65,1.58,6.54,7.35,1.2,1.69,0.05,0.0
587148,36837,Víctor Cuesta,Club Atlético Platense,Defensor,37,16,1440,6.91,0,0,0,0,0.07,0.08,7,1,6,0,1,586,85.67,4,24,37,45,120,0,86,38,14,14,6,0,0,0.0,0.0,0.0,0.0,0.0,0.44,0.06,0.06,0.25,1.5,2.31,2.81,5.38,0.88,0.88,0.38,0.0
1087070,188441,Luciano Cingolani,Gimnasia y Esgrima Mendoza,Delantero,25,17,840,6.91,1,1,2,0,0.81,0.69,21,11,5,4,19,233,72.53,9,17,5,30,2,5,58,49,17,12,5,0,0,0.11,0.11,0.21,0.09,0.07,2.25,1.18,2.04,0.96,1.82,0.54,3.21,6.21,1.82,1.29,0.54,0.0
883922,36837,Ignacio Vazquez,Club Atlético Platense,Defensor,29,19,1710,6.91,1,0,1,1,0.27,0.09,16,5,8,1,4,782,77.11,5,38,32,98,104,3,112,68,25,11,5,0,1,0.05,0.0,0.05,0.01,0.0,0.84,0.26,0.21,0.26,2.0,1.68,5.16,5.89,1.32,0.58,0.26,0.0
2048634,3217,Ignacio Ovando,Rosario Central,Defensor,19,24,2126,6.9,2,0,2,0,0.97,0.17,13,5,7,0,6,1050,89.24,3,22,54,88,105,1,104,78,32,20,4,0,0,0.08,0.0,0.08,0.04,0.01,0.55,0.21,0.25,0.13,0.93,2.29,3.73,4.4,1.35,0.85,0.17,0.0
1187522,36842,Alejo Osella,Independiente Rivadavia,Defensor,26,19,1286,6.9,4,0,4,0,0.44,0.1,23,9,10,1,5,438,71.69,10,23,15,55,57,4,86,70,7,7,1,0,0,0.28,0.0,0.28,0.03,0.01,1.61,0.63,0.35,0.7,1.61,1.05,3.85,6.02,0.49,0.49,0.07,0.0
993481,36842,Juan Manuel Elordi,Independiente Rivadavia,Defensor,32,25,1787,6.9,1,2,3,0,0.51,0.32,23,9,9,0,27,680,73.68,4,49,27,84,73,5,89,76,7,15,3,0,0,0.05,0.1,0.15,0.03,0.02,1.16,0.45,1.36,0.2,2.47,1.36,4.23,4.48,0.35,0.76,0.15,0.0
1462241,3210,Santiago Fernandez,CA Talleres,Defensor,21,19,1511,6.9,1,0,1,0,0.27,0.07,7,3,3,1,2,799,87.36,5,25,19,53,105,1,71,59,17,13,2,0,0,0.06,0.0,0.06,0.02,0.0,0.42,0.18,0.12,0.3,1.49,1.13,3.16,4.23,1.01,0.77,0.12,0.0
1187883,36837,Maximiliano Amarfil,Club Atlético Platense,Mediocampista,24,17,1155,6.9,0,1,1,0,0.06,0.03,11,2,7,2,14,661,84.57,4,33,18,100,36,2,59,74,10,31,8,0,0,0.0,0.08,0.08,0.0,0.0,0.86,0.16,1.09,0.31,2.57,1.4,7.79,4.6,0.78,2.42,0.62,0.0
1859982,42338,Agustín Seyral,Sarmiento,Defensor,21,11,730,6.9,0,0,0,0,,0.0,2,0,2,0,0,270,73.33,0,12,21,19,50,0,31,22,5,11,2,0,0,0.0,0.0,0.0,,0.0,0.25,0.0,0.0,0.0,1.48,2.59,2.34,3.82,0.62,1.36,0.25,0.0
340525,3219,Nehuén Paz,Banfield,Defensor,33,5,343,6.9,0,0,0,0,0.07,0.03,9,2,5,0,1,198,80.81,0,1,3,12,41,2,32,8,1,1,1,0,0,0.0,0.0,0.0,0.02,0.01,2.36,0.52,0.26,0.0,0.26,0.79,3.15,8.4,0.26,0.26,0.26,0.0
1836879,3201,Lautaro Montenegro,San Lorenzo,Defensor,21,6,570,6.9,0,0,0,0,0.02,0.07,2,0,1,0,0,207,76.33,4,9,10,14,23,1,28,27,4,10,2,0,0,0.0,0.0,0.0,0.0,0.01,0.32,0.0,0.0,0.63,1.42,1.58,2.21,4.42,0.63,1.58,0.32,0.0
793850,65676,Matías Vera,Central Córdoba,Mediocampista,30,25,2084,6.9,0,1,1,0,0.12,0.48,15,3,9,1,20,875,85.03,12,51,16,108,33,3,102,108,20,26,5,0,0,0.0,0.04,0.04,0.01,0.02,0.65,0.13,0.86,0.52,2.2,0.69,4.66,4.4,0.86,1.12,0.22,0.0
1086976,266694,Siro Rosane,Estudiantes de Río Cuarto,Mediocampista,26,22,995,6.9,0,1,1,0,0.27,0.45,15,2,10,3,12,465,75.05,12,29,13,57,24,3,103,70,32,13,1,0,0,0.0,0.09,0.09,0.02,0.04,1.36,0.18,1.09,1.09,2.62,1.18,5.16,9.32,2.89,1.18,0.09,0.0
1467315,36836,Alan Sosa,Aldosivi,Mediocampista,23,16,971,6.89,1,1,2,0,0.32,0.6,25,6,10,1,14,517,79.88,19,28,25,103,14,9,69,60,12,8,2,1,0,0.09,0.09,0.19,0.03,0.06,2.32,0.56,1.3,1.76,2.6,2.32,9.55,6.4,1.11,0.74,0.19,0.09
1177433,3217,Julián Fernández,Rosario Central,Mediocampista,22,14,954,6.89,2,2,4,0,0.78,0.12,19,4,8,2,14,422,83.89,22,13,5,59,6,7,60,66,19,6,2,0,0,0.19,0.19,0.38,0.07,0.01,1.79,0.38,1.32,2.08,1.23,0.47,5.57,5.66,1.79,0.57,0.19,0.0
1095279,3218,Ronaldo De Jesus,CA Lanús,Defensor,25,17,1138,6.89,0,0,0,0,0.18,0.47,9,1,7,2,6,663,81.9,6,19,17,50,94,1,73,46,8,12,3,0,0,0.0,0.0,0.0,0.01,0.04,0.71,0.08,0.47,0.47,1.5,1.34,3.95,5.77,0.63,0.95,0.24,0.0
939950,4937,Gustavo Abregú,Instituto De Córdoba,Mediocampista,29,24,1913,6.89,0,3,3,0,0.37,0.43,8,1,3,3,18,733,82.26,6,28,22,142,25,4,83,56,11,13,2,0,0,0.0,0.14,0.14,0.02,0.02,0.38,0.05,0.85,0.28,1.32,1.04,6.68,3.9,0.52,0.61,0.09,0.0
1891111,3219,Santiago Daniele,Banfield,Defensor,20,11,775,6.89,0,1,1,0,0.74,0.02,5,2,2,0,1,242,73.14,0,24,17,20,74,1,53,36,11,13,1,0,0,0.0,0.12,0.12,0.09,0.0,0.58,0.23,0.12,0.0,2.79,1.97,2.32,6.15,1.28,1.51,0.12,0.0
31981,36839,Éver Banega,Defensa y Justicia,Mediocampista,38,10,351,6.89,0,0,0,0,,0.09,3,0,3,0,6,296,86.82,3,13,1,26,1,0,18,22,1,9,2,0,0,0.0,0.0,0.0,,0.02,0.77,0.0,1.54,0.77,3.33,0.26,6.67,4.62,0.26,2.31,0.51,0.0
877599,7629,Rodrigo Fernández,Huracán,Mediocampista,30,19,1107,6.89,0,0,0,0,0.17,0.35,10,1,7,0,8,592,78.21,13,33,13,83,45,2,74,78,12,28,3,0,0,0.0,0.0,0.0,0.01,0.03,0.81,0.08,0.65,1.06,2.68,1.06,6.75,6.02,0.98,2.28,0.24,0.0
796958,3204,Mauro Pittón,Club Atlético Unión de Santa Fe,Mediocampista,32,18,1577,6.89,0,0,0,0,0.04,0.03,15,2,9,0,5,790,82.91,8,27,18,113,31,4,81,74,20,16,5,0,0,0.0,0.0,0.0,0.0,0.0,0.86,0.11,0.29,0.46,1.54,1.03,6.45,4.62,1.14,0.91,0.29,0.0
1819597,3202,Milton Delgado,Boca Juniors,Mediocampista,21,23,1595,6.89,0,1,1,0,0.35,0.62,12,3,8,2,21,1124,89.86,10,49,19,124,19,1,102,98,24,30,5,0,0,0.0,0.06,0.06,0.02,0.03,0.68,0.17,1.18,0.56,2.76,1.07,7.0,5.76,1.35,1.69,0.28,0.0
1485255,3211,Santiago Beltrán,River Plate,Portero,21,30,2685,6.89,0,0,0,0,,0.01,0,0,0,0,0,594,69.7,0,2,0,233,14,0,10,1,3,0,0,0,0,0.0,0.0,0.0,,0.0,0.0,0.0,0.0,0.0,0.07,0.0,7.81,0.34,0.1,0.0,0.0,0.0
839734,3201,Jhohan Romaña,San Lorenzo,Defensor,27,15,1335,6.89,0,0,0,0,0.23,0.0,4,0,1,0,1,499,84.57,1,21,20,58,95,3,78,46,16,11,4,0,0,0.0,0.0,0.0,0.02,0.0,0.27,0.0,0.07,0.07,1.42,1.35,3.91,5.26,1.08,0.74,0.27,0.0
1182102,3202,Leandro Brey,Boca Juniors,Portero,24,7,578,6.89,0,0,0,0,,0.01,0,0,0,0,0,189,55.56,0,0,0,48,6,0,3,0,1,0,0,0,0,0.0,0.0,0.0,,0.0,0.0,0.0,0.0,0.0,0.0,0.0,7.47,0.47,0.16,0.0,0.0,0.0
974657,3219,Santiago López Garcia,Banfield,Defensor,28,26,2202,6.88,2,5,7,0,0.05,1.49,12,4,4,5,30,727,75.79,16,50,33,119,59,4,118,76,32,14,3,0,1,0.08,0.2,0.29,0.0,0.06,0.49,0.16,1.23,0.65,2.04,1.35,4.86,4.82,1.31,0.57,0.12,0.0
960297,3201,Manuel Insaurralde,San Lorenzo,Mediocampista,27,13,878,6.88,1,0,1,0,0.09,0.09,7,2,3,0,6,463,84.67,6,28,15,73,12,2,60,34,13,9,1,1,0,0.1,0.0,0.1,0.01,0.01,0.72,0.21,0.62,0.62,2.87,1.54,7.48,6.15,1.33,0.92,0.1,0.1
252313,3206,Ramiro Funes Mori,Estudiantes de La Plata,Defensor,35,6,446,6.88,0,0,0,0,0.07,0.02,1,0,1,0,0,248,85.08,0,6,12,16,30,0,27,19,3,4,1,0,0,0.0,0.0,0.0,0.01,0.0,0.2,0.0,0.0,0.0,1.21,2.42,3.23,5.45,0.61,0.81,0.2,0.0
2038763,36833,Luciano Vallejo,Atlético Tucumán,Defensor,22,16,1239,6.88,1,0,1,0,0.51,0.03,6,1,4,0,2,406,71.18,1,28,12,31,94,1,72,40,6,10,1,1,0,0.07,0.0,0.07,0.04,0.0,0.44,0.07,0.15,0.07,2.03,0.87,2.25,5.23,0.44,0.73,0.07,0.07
1485095,3212,Jeronimo Russo,Newell's Old Boys,Defensor,21,21,1276,6.88,1,2,3,0,0.28,0.5,10,3,5,4,12,515,68.54,22,33,19,102,30,2,101,68,24,15,3,1,0,0.07,0.14,0.21,0.02,0.04,0.71,0.21,0.85,1.55,2.33,1.34,7.19,7.12,1.69,1.06,0.21,0.07
1003907,3201,Facundo Farías,San Lorenzo,Mediocampista,24,15,715,6.88,1,0,1,0,0.38,1.14,20,8,7,2,13,266,80.45,14,8,2,32,2,5,57,51,32,7,0,0,0,0.13,0.0,0.13,0.05,0.14,2.52,1.01,1.64,1.76,1.01,0.25,4.03,7.17,4.03,0.88,0.0,0.0
986754,3217,Vicente Pizarro,Rosario Central,Mediocampista,23,28,2307,6.88,1,2,3,0,0.82,0.55,23,7,11,3,34,1321,85.77,22,32,33,133,30,5,104,100,25,23,4,0,0,0.04,0.08,0.12,0.03,0.02,0.9,0.27,1.33,0.86,1.25,1.29,5.19,4.06,0.98,0.9,0.16,0.0
830667,3202,Santiago Ascacíbar,Boca Juniors,Mediocampista,29,23,1723,6.88,5,2,7,0,3.28,1.69,32,11,10,4,19,735,81.77,1,54,23,83,29,11,100,105,25,26,4,0,0,0.26,0.1,0.37,0.17,0.09,1.67,0.57,0.99,0.05,2.82,1.2,4.34,5.22,1.31,1.36,0.21,0.0
146416,7629,Óscar Romero,Huracán,Mediocampista,34,17,759,6.88,2,0,2,2,1.69,0.1,18,6,6,1,13,358,76.82,6,14,7,35,12,6,38,37,16,10,1,0,0,0.24,0.0,0.24,0.2,0.01,2.13,0.71,1.54,0.71,1.66,0.83,4.15,4.51,1.9,1.19,0.12,0.0
1199319,3219,Tomas Adoryan,Banfield,Mediocampista,25,19,1070,6.87,0,2,2,0,0.6,0.4,29,7,14,1,20,383,77.55,17,51,7,86,10,8,117,109,30,37,9,0,0,0.0,0.17,0.17,0.05,0.03,2.44,0.59,1.68,1.43,4.29,0.59,7.23,9.84,2.52,3.11,0.76,0.0
1836624,3217,Giovanni Cantizano,Rosario Central,Delantero,19,11,585,6.87,1,1,2,0,1.54,0.71,16,7,7,1,9,214,83.64,12,13,1,34,5,2,33,44,7,8,1,0,0,0.15,0.15,0.31,0.24,0.11,2.46,1.08,1.38,1.85,2.0,0.15,5.23,5.08,1.08,1.23,0.15,0.0
22981,3206,José Sosa,Estudiantes de La Plata,Mediocampista,41,12,417,6.87,0,1,1,0,0.03,0.28,4,1,1,2,10,327,84.1,2,7,3,23,1,2,24,14,10,5,3,0,0,0.0,0.22,0.22,0.01,0.06,0.86,0.22,2.16,0.43,1.51,0.65,4.96,5.18,2.16,1.08,0.65,0.0
962030,3202,Marcelo Weigandt,Boca Juniors,Defensor,26,11,772,6.87,0,0,0,0,0.01,0.18,4,1,2,1,14,365,75.89,10,16,17,34,22,1,44,34,4,7,1,0,0,0.0,0.0,0.0,0.0,0.02,0.47,0.12,1.63,1.17,1.87,1.98,3.96,5.13,0.47,0.82,0.12,0.0
830722,36837,Bautista Merlini,Club Atlético Platense,Mediocampista,31,21,798,6.87,2,1,3,0,0.22,1.18,16,6,7,3,16,433,84.3,10,11,3,54,0,3,63,48,38,10,0,0,0,0.23,0.11,0.34,0.02,0.13,1.8,0.68,1.8,1.13,1.24,0.34,6.09,7.11,4.29,1.13,0.0,0.0
2187031,36839,Valentín Loza,Defensa y Justicia,Defensor,19,8,508,6.87,0,1,1,0,0.01,0.75,1,1,0,2,6,171,80.7,2,13,9,19,26,0,24,27,1,7,0,0,0,0.0,0.18,0.18,0.0,0.13,0.18,0.18,1.06,0.35,2.3,1.59,3.37,4.25,0.18,1.24,0.0,0.0
871740,188441,Imanol González,Gimnasia y Esgrima Mendoza,Defensor,28,7,578,6.87,0,0,0,0,,,2,0,2,0,1,211,76.78,2,3,11,12,54,0,30,26,6,5,0,0,0,0.0,0.0,0.0,,,0.31,0.0,0.16,0.31,0.47,1.71,1.87,4.67,0.93,0.78,0.0,0.0
1015657,3209,Facundo Zabala,CA Independiente,Defensor,27,25,1993,6.87,0,1,1,0,0.38,0.53,17,4,8,2,21,1028,74.22,33,59,30,122,55,5,144,140,22,42,6,0,0,0.0,0.05,0.05,0.02,0.02,0.77,0.18,0.95,1.49,2.66,1.35,5.51,6.5,0.99,1.9,0.27,0.0
875088,36842,Iván Villalba,Independiente Rivadavia,Defensor,31,24,1841,6.87,0,0,0,0,0.12,0.18,11,3,6,0,3,595,77.14,0,44,29,62,130,2,123,81,16,18,8,0,0,0.0,0.0,0.0,0.01,0.01,0.54,0.15,0.15,0.0,2.15,1.42,3.03,6.01,0.78,0.88,0.39,0.0
1485234,3216,Kevin Coronel,Argentinos Juniors,Defensor,22,17,1213,6.87,0,0,0,0,0.35,1.78,17,7,6,5,19,714,82.91,8,35,15,57,24,4,68,44,10,15,2,0,0,0.0,0.0,0.0,0.03,0.13,1.26,0.52,1.41,0.59,2.6,1.11,4.23,5.05,0.74,1.11,0.15,0.0
320917,3205,Germán Conti,Gimnasia y Esgrima,Defensor,32,10,781,6.87,1,0,1,0,0.75,0.02,4,3,0,0,2,257,80.93,0,7,16,23,72,1,42,24,2,9,1,1,0,0.12,0.0,0.12,0.09,0.0,0.46,0.35,0.23,0.0,0.81,1.84,2.65,4.84,0.23,1.04,0.12,0.12
992080,7628,Martín Garay,Tigre,Mediocampista,27,19,1205,6.87,1,1,2,0,0.05,0.19,7,4,2,1,8,627,80.7,2,25,18,80,33,1,57,53,16,19,1,0,0,0.07,0.07,0.15,0.0,0.01,0.52,0.3,0.6,0.15,1.87,1.34,5.98,4.26,1.2,1.42,0.07,0.0
941092,3206,Eric Meza,Estudiantes de La Plata,Defensor,27,21,1546,6.87,0,2,2,0,0.94,0.68,22,9,10,2,18,507,74.75,22,39,11,72,31,3,84,68,15,23,6,0,0,0.0,0.12,0.12,0.05,0.04,1.28,0.52,1.05,1.28,2.27,0.64,4.19,4.89,0.87,1.34,0.35,0.0
1018464,36842,Sheyko Studer,Independiente Rivadavia,Defensor,23,20,1737,6.87,2,0,2,0,0.05,0.17,9,5,1,0,8,644,75.93,5,27,34,66,99,3,85,38,25,12,4,0,0,0.1,0.0,0.1,0.0,0.01,0.47,0.26,0.41,0.26,1.4,1.76,3.42,4.4,1.3,0.62,0.21,0.0
1485717,7628,Valentín Moreno,Tigre,Defensor,23,17,1397,6.86,0,1,1,0,0.11,1.01,7,3,3,2,15,365,73.15,3,36,22,53,51,1,68,52,11,14,5,0,0,0.0,0.06,0.06,0.01,0.07,0.45,0.19,0.97,0.19,2.32,1.42,3.41,4.38,0.71,0.9,0.32,0.0
797031,3206,Jalil Elias,Estudiantes de La Plata,Mediocampista,30,21,1611,6.86,1,0,1,0,0.19,0.19,9,3,4,0,15,888,81.42,2,29,16,84,28,2,75,86,14,10,1,0,0,0.06,0.0,0.06,0.01,0.01,0.5,0.17,0.84,0.11,1.62,0.89,4.69,4.19,0.78,0.56,0.06,0.0
1859565,3219,Lautaro Gomez,Banfield,Mediocampista,23,24,1099,6.86,5,0,5,0,0.5,0.23,16,9,6,0,12,244,67.62,21,40,7,66,7,1,96,117,28,19,3,0,0,0.41,0.0,0.41,0.04,0.02,1.31,0.74,0.98,1.72,3.28,0.57,5.4,7.86,2.29,1.56,0.25,0.0
989867,36842,Leonel Bucca,Independiente Rivadavia,Mediocampista,27,15,548,6.86,4,0,4,0,0.42,0.78,14,5,5,1,7,200,70.0,9,15,3,36,9,4,52,45,9,10,0,0,0,0.66,0.0,0.66,0.07,0.13,2.3,0.82,1.15,1.48,2.46,0.49,5.91,8.54,1.48,1.64,0.0,0.0
275789,189723,Milton Celiz,Deportivo Riestra,Mediocampista,34,10,900,6.86,1,0,1,1,2.57,0.67,27,12,9,0,8,311,59.81,16,21,6,62,18,6,80,82,18,22,3,0,0,0.1,0.0,0.1,0.26,0.07,2.7,1.2,0.8,1.6,2.1,0.6,6.2,8.0,1.8,2.2,0.3,0.0
2183256,36839,Tiziano Perrotta,Defensa y Justicia,Delantero,19,22,1453,6.86,6,1,7,0,1.76,1.39,40,14,15,3,18,353,65.16,11,19,4,46,14,11,111,136,19,16,1,0,0,0.37,0.06,0.43,0.11,0.09,2.48,0.87,1.11,0.68,1.18,0.25,2.85,6.88,1.18,0.99,0.06,0.0
830710,3205,Pedro Silva,Gimnasia y Esgrima,Defensor,29,28,2389,6.86,1,3,4,0,1.12,1.6,18,5,11,7,20,775,76.52,14,48,30,104,78,2,120,75,34,13,1,0,0,0.04,0.11,0.15,0.04,0.06,0.68,0.19,0.75,0.53,1.81,1.13,3.92,4.52,1.28,0.49,0.04,0.0
2017667,3212,Luca Regiardo,Newell's Old Boys,Mediocampista,19,21,1860,6.86,1,0,1,0,0.22,0.19,7,1,6,0,7,777,82.24,8,39,39,139,34,0,74,89,12,28,8,0,0,0.05,0.0,0.05,0.01,0.01,0.34,0.05,0.34,0.39,1.89,1.89,6.73,3.58,0.58,1.35,0.39,0.0
985008,3216,Gabriel Florentín,Argentinos Juniors,Mediocampista,27,13,303,6.85,0,1,1,0,0.05,0.39,1,0,1,1,9,250,89.2,4,10,2,33,8,0,25,23,6,9,3,0,0,0.0,0.3,0.3,0.01,0.12,0.3,0.0,2.67,1.19,2.97,0.59,9.8,7.43,1.78,2.67,0.89,0.0
358924,3201,Nicolás Tripichio,San Lorenzo,Mediocampista,30,26,2248,6.85,0,0,0,0,0.48,0.45,24,5,15,1,15,1096,81.75,33,68,45,157,30,4,186,181,39,40,7,0,0,0.0,0.0,0.0,0.02,0.02,0.96,0.2,0.6,1.32,2.72,1.8,6.29,7.45,1.56,1.6,0.28,0.0
816808,65668,Esteban Rolón,Barracas Central,Mediocampista,31,18,1063,6.85,0,0,0,0,0.07,0.29,8,2,3,2,17,395,71.39,10,32,11,79,22,3,69,57,5,20,6,0,0,0.0,0.0,0.0,0.01,0.02,0.68,0.17,1.44,0.85,2.71,0.93,6.69,5.84,0.42,1.69,0.51,0.0
940610,3208,Matías Pellegrini,Vélez Sarsfield,Mediocampista,26,21,1508,6.85,3,5,8,0,1.66,1.36,30,11,15,9,29,564,73.05,21,39,8,74,16,4,134,153,29,30,7,0,0,0.18,0.3,0.48,0.1,0.08,1.79,0.66,1.73,1.25,2.33,0.48,4.42,8.0,1.73,1.79,0.42,0.0
984900,3210,Rick,CA Talleres,Mediocampista,27,25,1700,6.85,4,2,6,0,2.02,0.68,65,20,28,5,17,459,72.98,38,28,8,108,8,17,117,139,33,20,5,0,0,0.21,0.11,0.32,0.11,0.04,3.44,1.06,0.9,2.01,1.48,0.42,5.72,6.19,1.75,1.06,0.26,0.0
1394058,3205,Alexis Steimbach,Gimnasia y Esgrima,Defensor,24,25,1908,6.85,1,6,7,0,0.64,0.96,17,2,10,6,28,682,70.09,39,56,34,97,65,5,145,108,24,20,9,1,0,0.05,0.28,0.33,0.03,0.05,0.8,0.09,1.32,1.84,2.64,1.6,4.58,6.84,1.13,0.94,0.42,0.05
1173824,3205,Agustín Auzmendi,Gimnasia y Esgrima,Delantero,29,28,1559,6.85,7,3,10,1,5.17,1.82,44,21,18,5,23,359,61.56,8,15,6,42,21,5,118,138,39,20,2,0,0,0.4,0.17,0.58,0.3,0.11,2.54,1.21,1.33,0.46,0.87,0.35,2.42,6.81,2.25,1.15,0.12,0.0
1197041,3202,Ángel Romero,Boca Juniors,Delantero,34,12,496,6.85,3,0,3,0,0.83,0.14,11,6,4,1,5,148,80.41,4,4,2,8,5,1,33,35,14,3,0,0,0,0.54,0.0,0.54,0.15,0.03,2.0,1.09,0.91,0.73,0.73,0.36,1.45,5.99,2.54,0.54,0.0,0.0
2054539,3212,Facundo Guch,Newell's Old Boys,Mediocampista,19,24,1699,6.85,2,4,6,0,0.39,1.49,29,7,8,8,29,559,75.49,28,39,11,99,6,14,105,110,30,14,4,0,0,0.11,0.21,0.32,0.02,0.08,1.54,0.37,1.54,1.48,2.07,0.58,5.24,5.56,1.59,0.74,0.21,0.0
1212545,36837,Franco Zapiola,Club Atlético Platense,Mediocampista,25,24,1526,6.85,2,2,4,0,0.85,0.95,44,16,17,7,43,633,76.46,26,14,13,86,2,11,76,105,31,16,3,0,0,0.12,0.12,0.24,0.05,0.06,2.6,0.94,2.54,1.53,0.83,0.77,5.07,4.48,1.83,0.94,0.18,0.0
1003721,36839,Juan Miritello,Defensa y Justicia,Delantero,27,6,392,6.85,2,0,2,0,,,5,2,2,1,3,71,77.46,4,2,0,11,4,1,17,21,3,4,0,0,0,0.46,0.0,0.46,,,1.15,0.46,0.69,0.92,0.46,0.0,2.53,3.9,0.69,0.92,0.0,0.0
1003014,3209,Kevin Lomónaco,CA Independiente,Defensor,24,24,1846,6.85,0,1,1,0,0.13,0.08,7,0,6,0,9,1018,85.36,7,28,28,163,74,1,101,75,21,15,5,0,0,0.0,0.05,0.05,0.01,0.0,0.34,0.0,0.44,0.34,1.37,1.37,7.95,4.92,1.02,0.73,0.24,0.0
339115,65676,Michael Santos,Central Córdoba,Delantero,33,20,1528,6.85,7,2,9,2,2.98,0.27,35,15,16,5,24,275,66.55,8,8,4,29,20,4,83,123,17,26,1,0,0,0.41,0.12,0.53,0.18,0.02,2.06,0.88,1.41,0.47,0.47,0.24,1.71,4.89,1.0,1.53,0.06,0.0
794006,3209,Leonardo Godoy,CA Independiente,Defensor,31,17,1146,6.84,1,1,2,0,0.2,0.22,10,2,4,2,13,382,74.87,2,18,6,35,47,4,49,54,19,16,5,0,0,0.08,0.08,0.16,0.02,0.02,0.79,0.16,1.02,0.16,1.41,0.47,2.75,3.85,1.49,1.26,0.39,0.0
979827,7628,Mauro Méndez,Tigre,Delantero,27,21,1726,6.84,7,3,10,0,2.2,0.36,43,16,20,1,22,248,79.03,9,10,0,39,17,7,85,131,34,26,6,0,0,0.37,0.16,0.52,0.11,0.02,2.24,0.83,1.15,0.47,0.52,0.0,2.03,4.43,1.77,1.36,0.31,0.0
1546739,3210,Alexandro Maidana,CA Talleres,Defensor,21,14,976,6.84,3,0,3,0,0.07,0.11,10,4,6,0,6,331,71.6,1,23,16,40,46,0,57,44,8,12,3,1,0,0.28,0.0,0.28,0.01,0.01,0.92,0.37,0.55,0.09,2.12,1.48,3.69,5.26,0.74,1.11,0.28,0.09
1087335,65676,Facundo Mansilla,Central Córdoba,Defensor,27,21,1764,6.84,1,0,1,0,0.13,0.04,7,2,4,0,4,786,84.48,5,32,48,74,126,1,100,68,10,21,1,0,0,0.05,0.0,0.05,0.01,0.0,0.36,0.1,0.2,0.26,1.63,2.45,3.78,5.1,0.51,1.07,0.05,0.0
1130268,7628,Bruno Leyes,Tigre,Mediocampista,24,20,1313,6.84,0,0,0,0,0.04,0.13,9,0,4,0,8,645,77.98,7,35,30,97,34,5,78,67,18,30,5,0,0,0.0,0.0,0.0,0.0,0.01,0.62,0.0,0.55,0.48,2.4,2.06,6.65,5.35,1.23,2.06,0.34,0.0
1865987,3209,Lautaro Millán,CA Independiente,Mediocampista,21,22,1061,6.84,3,1,4,0,1.27,0.43,21,8,7,1,23,389,85.35,9,25,6,56,3,6,68,55,23,13,4,0,0,0.25,0.08,0.34,0.11,0.04,1.78,0.68,1.95,0.76,2.12,0.51,4.75,5.77,1.95,1.1,0.34,0.0
897058,3205,Augusto Max,Gimnasia y Esgrima,Mediocampista,34,21,1508,6.84,0,1,1,0,,0.02,3,1,2,1,2,602,84.55,11,58,20,89,34,0,93,62,16,23,8,0,0,0.0,0.06,0.06,,0.0,0.18,0.06,0.12,0.66,3.46,1.19,5.31,5.55,0.95,1.37,0.48,0.0
1210807,36837,Pablo Ferreira,Club Atlético Platense,Mediocampista,21,10,678,6.84,0,0,0,0,0.33,0.11,8,0,6,1,6,321,81.93,6,24,15,59,10,2,47,37,8,12,0,1,0,0.0,0.0,0.0,0.04,0.01,1.06,0.0,0.8,0.8,3.19,1.99,7.83,6.24,1.06,1.59,0.0,0.13
988327,7629,César Ibáñez,Huracán,Defensor,27,23,1948,6.84,0,3,3,0,0.18,1.05,20,3,12,4,17,691,70.77,11,72,32,111,72,5,148,127,31,47,12,1,0,0.0,0.14,0.14,0.01,0.05,0.92,0.14,0.79,0.51,3.33,1.48,5.13,6.84,1.43,2.17,0.55,0.05
249427,3216,Erik Godoy,Argentinos Juniors,Defensor,33,14,671,6.84,1,0,1,0,0.12,0.01,6,1,4,0,0,390,87.69,1,5,13,31,49,1,31,30,4,9,0,0,0,0.13,0.0,0.13,0.02,0.0,0.8,0.13,0.0,0.13,0.67,1.74,4.16,4.16,0.54,1.21,0.0,0.0
936534,3202,Williams Alarcón,Boca Juniors,Mediocampista,25,8,473,6.84,0,1,1,0,0.02,0.04,5,1,3,1,6,310,91.94,4,9,5,16,5,1,20,16,4,4,1,0,0,0.0,0.19,0.19,0.0,0.01,0.95,0.19,1.14,0.76,1.71,0.95,3.04,3.81,0.76,0.76,0.19,0.0
351824,65668,Gastón Campi,Barracas Central,Defensor,35,9,653,6.84,0,0,0,0,,0.0,1,0,1,0,0,242,71.49,2,10,17,23,36,0,26,18,0,11,2,0,0,0.0,0.0,0.0,,0.0,0.14,0.0,0.0,0.28,1.38,2.34,3.17,3.58,0.0,1.52,0.28,0.0
892275,3202,Miguel Merentiel,Boca Juniors,Delantero,30,22,1462,6.84,8,2,10,0,3.94,1.52,44,20,12,6,24,376,76.06,8,5,2,34,1,12,28,49,7,5,1,0,0,0.49,0.12,0.62,0.24,0.09,2.71,1.23,1.48,0.49,0.31,0.12,2.09,1.72,0.43,0.31,0.06,0.0
1835748,3203,Ramiro Hernandes,Club Atlético Belgrano,Mediocampista,21,28,1151,6.84,3,2,5,0,1.35,1.54,23,6,8,3,23,630,81.11,27,31,14,85,11,9,78,106,12,17,5,0,0,0.23,0.16,0.39,0.11,0.12,1.8,0.47,1.8,2.11,2.42,1.09,6.65,6.1,0.94,1.33,0.39,0.0
951068,189723,Mariano Bracamonte,Deportivo Riestra,Defensor,27,15,1150,6.83,1,1,2,0,0.14,0.93,14,4,0,2,13,297,49.83,5,33,18,63,27,10,69,58,17,27,5,0,0,0.08,0.08,0.16,0.01,0.07,1.1,0.31,1.02,0.39,2.58,1.41,4.93,5.4,1.33,2.11,0.39,0.0
992968,266694,Gonzalo Maffini,Estudiantes de Río Cuarto,Defensor,33,21,1890,6.83,0,1,1,0,0.22,0.25,11,2,5,1,4,693,70.42,3,37,41,68,171,4,140,88,13,23,4,1,1,0.0,0.05,0.05,0.01,0.01,0.52,0.1,0.19,0.14,1.76,1.95,3.24,6.67,0.62,1.1,0.19,0.05
1092337,36842,Tomás Bottari,Independiente Rivadavia,Mediocampista,25,21,1502,6.83,0,0,0,0,0.06,0.05,4,0,1,1,6,596,87.58,5,50,18,88,34,3,94,68,18,14,2,0,1,0.0,0.0,0.0,0.0,0.0,0.24,0.0,0.36,0.3,3.0,1.08,5.27,5.63,1.08,0.84,0.12,0.0
836159,3215,Facundo Cambeses,Racing Club,Portero,29,28,2550,6.83,0,0,0,0,,0.06,0,0,0,1,3,830,65.18,0,0,0,231,39,0,10,3,5,0,2,0,0,0.0,0.0,0.0,,0.0,0.0,0.0,0.11,0.0,0.0,0.0,8.15,0.35,0.18,0.0,0.07,0.0
1106548,65668,Tomás Porra,Barracas Central,Mediocampista,22,25,2015,6.83,1,4,5,0,0.59,2.11,28,6,11,6,38,796,75.38,37,32,28,137,16,11,130,163,40,19,5,0,0,0.04,0.18,0.22,0.03,0.09,1.25,0.27,1.7,1.65,1.43,1.25,6.12,5.81,1.79,0.85,0.22,0.0
789271,4937,Jonathan Galván,Instituto De Córdoba,Defensor,34,23,1703,6.83,0,1,1,0,0.06,0.81,13,2,8,4,8,752,73.4,3,29,23,64,94,3,104,74,8,25,6,0,0,0.0,0.05,0.05,0.0,0.04,0.69,0.11,0.42,0.16,1.53,1.22,3.38,5.5,0.42,1.32,0.32,0.0
579356,36836,Néstor Breitenbruch,Aldosivi,Defensor,31,10,835,6.83,0,0,0,0,0.01,0.22,2,0,2,0,4,300,69.67,0,30,7,33,52,0,56,23,3,4,1,0,0,0.0,0.0,0.0,0.0,0.02,0.22,0.0,0.43,0.0,3.23,0.75,3.56,6.04,0.32,0.43,0.11,0.0
80918,65668,Fernando Tobio,Barracas Central,Defensor,36,17,1382,6.83,2,0,2,0,0.49,0.01,6,3,1,0,2,337,78.93,1,18,11,33,95,2,37,17,3,3,1,0,0,0.13,0.0,0.13,0.03,0.0,0.39,0.2,0.13,0.07,1.17,0.72,2.15,2.41,0.2,0.2,0.07,0.0
1836758,3206,Joaquín Tobio Burgos,Estudiantes de La Plata,Mediocampista,21,18,865,6.83,1,3,4,0,1.12,1.18,19,9,8,4,27,270,81.48,12,9,8,38,8,2,35,49,9,7,0,0,0,0.1,0.31,0.42,0.12,0.12,1.98,0.94,2.81,1.25,0.94,0.83,3.95,3.64,0.94,0.73,0.0,0.0
1020500,36842,Matías Fernández,Independiente Rivadavia,Mediocampista,25,24,1713,6.83,3,6,9,0,2.92,1.64,54,21,19,8,33,570,77.89,20,16,9,84,6,14,64,113,24,25,7,0,0,0.16,0.32,0.47,0.15,0.09,2.84,1.1,1.73,1.05,0.84,0.47,4.41,3.36,1.26,1.31,0.37,0.0
2082133,3212,Jerónimo Gómez Mattar,Newell's Old Boys,Mediocampista,18,21,1039,6.83,0,1,1,0,0.23,0.47,16,5,7,3,14,437,77.35,6,27,9,72,19,4,74,64,35,12,5,0,0,0.0,0.09,0.09,0.02,0.04,1.39,0.43,1.21,0.52,2.34,0.78,6.24,6.41,3.03,1.04,0.43,0.0
871519,3218,Tomás Guidara,CA Lanús,Defensor,30,22,1821,6.83,0,1,1,0,0.08,0.42,5,0,3,3,10,809,80.84,10,46,18,92,71,2,110,76,23,25,5,0,0,0.0,0.05,0.05,0.0,0.02,0.25,0.0,0.49,0.49,2.27,0.89,4.55,5.44,1.14,1.24,0.25,0.0
1017422,3219,David Zalazar,Banfield,Mediocampista,24,20,1092,6.83,2,3,5,0,0.58,0.99,38,11,19,5,19,290,62.41,23,17,12,72,20,8,74,68,20,5,4,0,0,0.16,0.25,0.41,0.05,0.08,3.13,0.91,1.57,1.9,1.4,0.99,5.93,6.1,1.65,0.41,0.33,0.0
42455,36836,Nicolás Gaitán,Aldosivi,Mediocampista,38,8,516,6.83,1,1,2,0,0.58,1.14,9,2,5,5,11,187,74.87,5,16,8,29,0,2,30,34,7,6,0,0,0,0.17,0.17,0.35,0.1,0.2,1.57,0.35,1.92,0.87,2.79,1.4,5.06,5.23,1.22,1.05,0.0,0.0
1048185,3218,Gonzalo Perez,CA Lanús,Defensor,25,13,717,6.83,0,1,1,0,0.12,1.08,5,1,3,2,6,444,81.53,1,18,4,37,22,1,33,27,3,9,2,0,0,0.0,0.13,0.13,0.02,0.14,0.63,0.13,0.75,0.13,2.26,0.5,4.64,4.14,0.38,1.13,0.25,0.0
1511103,65676,Javier Vallejos,Central Córdoba,Portero,23,4,311,6.83,0,0,0,0,,0.01,0,0,0,0,0,89,65.17,0,0,0,33,5,0,1,0,0,0,0,0,0,0.0,0.0,0.0,,0.0,0.0,0.0,0.0,0.0,0.0,0.0,9.55,0.29,0.0,0.0,0.0,0.0
1017460,3215,Marco Di Cesare,Racing Club,Defensor,24,17,1359,6.82,2,0,2,0,0.01,0.09,10,3,4,0,4,743,78.47,4,26,26,57,104,3,85,64,8,20,6,2,0,0.13,0.0,0.13,0.0,0.01,0.66,0.2,0.26,0.26,1.72,1.72,3.77,5.63,0.53,1.32,0.4,0.13
1199307,3201,Ezequiel Herrera,San Lorenzo,Defensor,23,23,2005,6.82,1,0,1,0,0.62,0.44,9,3,3,2,8,762,75.59,20,42,22,70,84,3,96,84,19,21,6,0,0,0.04,0.0,0.04,0.03,0.02,0.4,0.13,0.36,0.9,1.89,0.99,3.14,4.31,0.85,0.94,0.27,0.0
341097,3217,Jeremías Ledesma,Rosario Central,Portero,33,23,2100,6.82,0,0,0,0,,0.01,0,0,0,0,0,516,62.21,0,0,0,202,27,0,6,1,3,1,1,0,1,0.0,0.0,0.0,,0.0,0.0,0.0,0.0,0.0,0.0,0.0,8.66,0.26,0.13,0.04,0.04,0.0
941403,3212,Armando Méndez,Newell's Old Boys,Defensor,30,14,1176,6.82,0,0,0,0,,0.03,8,1,3,1,11,267,70.41,9,47,16,39,39,4,91,64,14,16,4,1,0,0.0,0.0,0.0,,0.0,0.61,0.08,0.84,0.69,3.6,1.22,2.98,6.96,1.07,1.22,0.31,0.08
1385794,3209,Maximiliano Gutiérrez,CA Independiente,Mediocampista,22,15,880,6.82,3,2,5,0,1.57,2.15,24,6,14,5,13,193,65.28,19,12,7,31,9,4,44,72,7,10,1,0,0,0.31,0.2,0.51,0.16,0.22,2.45,0.61,1.33,1.94,1.23,0.72,3.17,4.5,0.72,1.02,0.1,0.0
974729,3215,Juan Barinaga,Racing Club,Defensor,25,10,759,6.82,0,0,0,0,,0.01,2,1,0,1,4,308,75.32,9,16,10,37,26,1,49,33,10,4,1,0,0,0.0,0.0,0.0,,0.0,0.24,0.12,0.47,1.07,1.9,1.19,4.39,5.81,1.19,0.47,0.12,0.0
1510920,3206,Mikel Amondarain,Estudiantes de La Plata,Mediocampista,21,16,1133,6.82,2,1,3,0,0.15,0.09,14,6,3,1,12,448,85.49,13,23,5,78,17,5,56,74,9,11,2,0,0,0.16,0.08,0.24,0.01,0.01,1.11,0.48,0.95,1.03,1.83,0.4,6.2,4.45,0.71,0.87,0.16,0.0
1485084,3204,Lautaro Vargas,Club Atlético Unión de Santa Fe,Defensor,21,22,1840,6.82,0,2,2,0,0.2,0.84,10,2,4,5,25,674,78.04,25,38,27,109,45,4,83,92,13,14,9,0,0,0.0,0.1,0.1,0.01,0.04,0.49,0.1,1.22,1.22,1.86,1.32,5.33,4.06,0.64,0.68,0.44,0.0
248125,3208,Lisandro Magallán,Vélez Sarsfield,Defensor,33,22,1857,6.82,0,1,1,0,0.08,0.05,5,0,5,1,5,842,80.76,0,30,14,97,139,0,74,35,6,14,3,0,0,0.0,0.05,0.05,0.0,0.0,0.24,0.0,0.24,0.0,1.45,0.68,4.7,3.59,0.29,0.68,0.15,0.0
1066559,3205,Renzo Giampaoli,Gimnasia y Esgrima,Defensor,26,22,1529,6.82,0,0,0,0,0.27,0.02,9,1,7,0,2,573,81.68,1,29,30,55,153,1,94,55,5,11,6,0,0,0.0,0.0,0.0,0.02,0.0,0.53,0.06,0.12,0.06,1.71,1.77,3.24,5.53,0.29,0.65,0.35,0.0
1095023,3202,Marco Pellegrino,Boca Juniors,Defensor,24,11,833,6.82,0,0,0,0,0.03,0.03,2,0,2,0,1,554,88.45,2,13,11,25,57,0,33,29,6,3,1,0,0,0.0,0.0,0.0,0.0,0.0,0.22,0.0,0.11,0.22,1.4,1.19,2.7,3.57,0.65,0.32,0.11,0.0
789427,3204,Ignacio Malcorra,Club Atlético Unión de Santa Fe,Mediocampista,39,23,1746,6.82,2,4,6,0,1.34,1.39,43,11,13,7,43,615,73.01,9,23,4,58,18,19,62,75,22,11,4,0,0,0.1,0.21,0.31,0.07,0.07,2.22,0.57,2.22,0.46,1.19,0.21,2.99,3.2,1.13,0.57,0.21,0.0
992126,3218,Sasha Marcich,CA Lanús,Defensor,28,26,2213,6.82,1,2,3,0,0.41,1.71,17,4,9,3,30,942,77.39,18,53,25,84,75,4,122,110,26,36,6,0,0,0.04,0.08,0.12,0.02,0.07,0.69,0.16,1.22,0.73,2.16,1.02,3.42,4.96,1.06,1.46,0.24,0.0
881169,3202,Tomás Belmonte,Boca Juniors,Mediocampista,28,15,810,6.81,1,1,2,0,0.46,0.1,11,2,5,0,3,432,85.88,2,13,18,31,18,4,53,37,15,13,4,0,0,0.11,0.11,0.22,0.05,0.01,1.22,0.22,0.33,0.22,1.44,2.0,3.44,5.89,1.67,1.44,0.44,0.0
1185702,3203,Alcides Benítez,Club Atlético Belgrano,Defensor,24,22,1410,6.81,0,0,0,0,0.32,0.18,10,2,6,0,7,485,73.81,15,55,24,67,42,2,106,80,28,21,7,0,0,0.0,0.0,0.0,0.02,0.01,0.64,0.13,0.45,0.96,3.51,1.53,4.28,6.77,1.79,1.34,0.45,0.0
546338,36833,Leonel Di Plácido,Atlético Tucumán,Defensor,32,15,1148,6.81,0,0,0,0,0.06,0.34,9,2,3,2,11,416,70.19,8,30,16,45,45,4,81,73,9,17,5,0,0,0.0,0.0,0.0,0.0,0.03,0.71,0.16,0.86,0.63,2.35,1.25,3.53,6.35,0.71,1.33,0.39,0.0
896783,3209,Sebastián Valdez,CA Independiente,Defensor,30,16,1332,6.81,0,0,0,0,0.38,0.04,7,2,3,0,3,629,83.15,3,27,22,71,120,2,84,56,13,10,1,1,0,0.0,0.0,0.0,0.03,0.0,0.47,0.14,0.2,0.2,1.82,1.49,4.8,5.68,0.88,0.68,0.07,0.07
93196,42338,Juan Manuel Insaurralde,Sarmiento,Defensor,42,23,2003,6.81,0,0,0,0,0.21,0.11,8,2,5,0,3,762,74.28,4,23,21,50,189,1,93,62,10,20,8,2,0,0.0,0.0,0.0,0.01,0.0,0.36,0.09,0.13,0.18,1.03,0.94,2.25,4.18,0.45,0.9,0.36,0.09
1649316,4937,Jeremías Lázaro,Instituto De Córdoba,Mediocampista,22,21,713,6.8,1,3,4,0,1.38,1.76,18,2,11,6,22,264,75.0,17,21,5,53,5,5,58,62,16,7,2,0,0,0.13,0.38,0.5,0.17,0.22,2.27,0.25,2.78,2.15,2.65,0.63,6.69,7.32,2.02,0.88,0.25,0.0
965768,3201,Alexis Cuello,San Lorenzo,Delantero,26,26,2195,6.8,5,3,8,1,1.97,0.66,50,14,25,4,26,420,66.19,51,28,7,73,16,11,195,251,54,35,7,1,0,0.21,0.12,0.33,0.08,0.03,2.05,0.57,1.07,2.09,1.15,0.29,2.99,8.0,2.21,1.44,0.29,0.04
1588235,36833,Lautaro Agustin Godoy,Atlético Tucumán,Mediocampista,23,23,1340,6.8,1,2,3,0,0.61,1.48,33,10,14,4,24,591,78.0,35,32,22,127,7,9,86,125,16,23,1,1,0,0.07,0.13,0.2,0.04,0.1,2.22,0.67,1.61,2.35,2.15,1.48,8.53,5.78,1.07,1.54,0.07,0.07
2353018,3217,Elías Verón,Rosario Central,Defensor,19,8,379,6.8,1,0,1,0,0.92,0.89,2,1,1,2,7,169,80.47,3,15,7,27,10,0,23,31,5,4,2,0,0,0.24,0.0,0.24,0.22,0.21,0.47,0.24,1.66,0.71,3.56,1.66,6.41,5.46,1.19,0.95,0.47,0.0
1094180,3215,Ezequiel Cannavo,Racing Club,Defensor,24,22,1866,6.8,1,0,1,0,0.53,0.49,10,2,3,2,8,610,76.56,6,66,31,63,58,5,119,104,24,22,4,0,0,0.05,0.0,0.05,0.03,0.02,0.48,0.1,0.39,0.29,3.18,1.5,3.04,5.74,1.16,1.06,0.19,0.0
313250,266694,Sergio Ojeda,Estudiantes de Río Cuarto,Defensor,34,15,1294,6.8,1,0,1,0,0.34,0.13,3,1,2,0,1,438,78.77,4,22,15,34,81,0,55,43,12,10,4,0,0,0.07,0.0,0.07,0.02,0.01,0.21,0.07,0.07,0.28,1.53,1.04,2.36,3.83,0.83,0.7,0.28,0.0
595300,3212,Franco Escobar,Newell's Old Boys,Defensor,31,7,430,6.8,0,0,0,0,,0.08,0,0,0,0,1,142,72.54,0,21,6,16,21,0,31,22,6,9,2,0,0,0.0,0.0,0.0,,0.02,0.0,0.0,0.21,0.0,4.4,1.26,3.35,6.49,1.26,1.88,0.42,0.0
994453,3202,Malcom Braida,Boca Juniors,Defensor,29,7,518,6.8,0,0,0,0,0.02,0.21,2,0,2,1,5,297,89.56,6,18,13,28,9,0,39,33,7,6,0,0,0,0.0,0.0,0.0,0.0,0.04,0.35,0.0,0.87,1.04,3.13,2.26,4.86,6.78,1.22,1.04,0.0,0.0
804770,7629,Jordy Caicedo,Huracán,Delantero,28,25,2160,6.8,13,0,13,3,4.61,0.29,50,27,16,1,14,281,59.43,7,13,0,40,24,7,97,175,19,51,11,1,0,0.54,0.0,0.54,0.19,0.01,2.08,1.12,0.58,0.29,0.54,0.0,1.67,4.04,0.79,2.12,0.46,0.04
888848,3203,Alexis Maldonado,Club Atlético Belgrano,Defensor,29,22,1716,6.8,0,0,0,0,0.17,0.07,5,1,2,1,1,621,86.63,2,35,25,35,117,2,70,50,6,15,3,0,0,0.0,0.0,0.0,0.01,0.0,0.26,0.05,0.05,0.1,1.84,1.31,1.84,3.67,0.31,0.79,0.16,0.0
824513,3217,Alexis Soto,Rosario Central,Defensor,32,21,1161,6.8,1,0,1,0,0.59,1.5,6,2,1,4,9,618,84.79,7,27,15,71,42,3,55,42,9,11,3,0,0,0.08,0.0,0.08,0.05,0.12,0.47,0.16,0.7,0.54,2.09,1.16,5.5,4.26,0.7,0.85,0.23,0.0
1654532,36837,Tomás Ariel Silva,Club Atlético Platense,Defensor,23,21,1804,6.8,0,0,0,0,0.03,0.19,8,0,3,3,17,721,71.57,16,57,30,111,56,5,106,107,17,21,5,0,0,0.0,0.0,0.0,0.0,0.01,0.4,0.0,0.85,0.8,2.84,1.5,5.54,5.29,0.85,1.05,0.25,0.0
857488,7629,Emmanuel Ojeda,Huracán,Mediocampista,28,20,1421,6.79,0,2,2,0,,0.05,8,2,6,2,19,692,82.8,5,35,11,76,25,0,63,63,7,9,2,0,0,0.0,0.13,0.13,,0.0,0.51,0.13,1.2,0.32,2.22,0.7,4.81,3.99,0.44,0.57,0.13,0.0
757762,4937,Marcos Ledesma,Instituto De Córdoba,Portero,30,10,900,6.79,0,0,0,0,,0.02,0,0,0,0,0,216,58.33,0,0,1,90,10,0,3,2,2,0,0,0,1,0.0,0.0,0.0,,0.0,0.0,0.0,0.0,0.0,0.0,0.1,9.0,0.3,0.2,0.0,0.0,0.0
1518447,36839,Jeremías Lucco,Defensa y Justicia,Mediocampista,20,9,323,6.79,1,0,1,0,0.97,0.79,12,4,2,1,6,123,73.98,5,12,1,20,7,6,28,34,6,11,1,0,0,0.28,0.0,0.28,0.27,0.22,3.34,1.11,1.67,1.39,3.34,0.28,5.57,7.8,1.67,3.07,0.28,0.0
805330,3204,Juan Pintado,Club Atlético Unión de Santa Fe,Defensor,29,9,552,6.79,0,1,1,0,0.04,0.54,2,0,2,3,7,203,76.35,2,20,3,22,16,0,35,21,3,4,1,0,0,0.0,0.16,0.16,0.01,0.09,0.33,0.0,1.14,0.33,3.26,0.49,3.59,5.71,0.49,0.65,0.16,0.0
1997478,7629,Máximo Palazzo,Huracán,Defensor,21,17,1334,6.79,0,0,0,0,0.09,0.24,3,1,2,1,6,736,84.51,7,18,11,51,72,0,55,56,6,14,2,0,0,0.0,0.0,0.0,0.01,0.02,0.2,0.07,0.4,0.47,1.21,0.74,3.44,3.71,0.4,0.94,0.13,0.0
913655,36833,Maximiliano Villa,Atlético Tucumán,Defensor,29,16,1351,6.79,1,1,2,0,0.32,0.4,10,3,3,2,13,493,73.23,2,22,31,54,29,4,45,60,9,21,4,0,0,0.07,0.07,0.13,0.02,0.03,0.67,0.2,0.87,0.13,1.47,2.07,3.6,3.0,0.6,1.4,0.27,0.0
250231,3217,Pol Fernández,Rosario Central,Mediocampista,34,16,680,6.79,0,1,1,0,0.07,0.16,5,2,0,4,15,468,89.1,6,9,8,43,6,3,27,26,5,6,3,0,0,0.0,0.13,0.13,0.01,0.02,0.66,0.26,1.99,0.79,1.19,1.06,5.69,3.57,0.66,0.79,0.4,0.0
881166,4937,Manuel Roffo,Instituto De Córdoba,Portero,26,16,1440,6.79,0,0,0,0,,0.0,0,0,0,0,0,340,62.94,0,0,0,146,13,0,5,0,3,0,1,0,0,0.0,0.0,0.0,,0.0,0.0,0.0,0.0,0.0,0.0,0.0,9.12,0.31,0.19,0.0,0.06,0.0
850925,36833,Gastón Suso,Atlético Tucumán,Defensor,35,16,1418,6.79,0,0,0,0,,0.0,7,1,6,0,1,432,76.85,1,20,20,28,81,0,81,35,8,11,2,0,0,0.0,0.0,0.0,,0.0,0.44,0.06,0.06,0.06,1.27,1.27,1.78,5.14,0.51,0.7,0.13,0.0
992084,65668,Iván Tapia,Barracas Central,Mediocampista,27,26,1984,6.78,3,2,5,2,1.8,0.8,30,12,10,1,28,810,82.35,6,25,16,93,10,8,71,75,28,13,2,0,0,0.14,0.09,0.23,0.08,0.04,1.36,0.54,1.27,0.27,1.13,0.73,4.22,3.22,1.27,0.59,0.09,0.0
122713,65668,Dardo Miloc,Barracas Central,Mediocampista,35,24,1737,6.78,0,0,0,0,0.03,0.16,2,0,2,0,7,822,81.87,5,40,28,113,40,0,91,62,15,19,7,0,0,0.0,0.0,0.0,0.0,0.01,0.1,0.0,0.36,0.26,2.07,1.45,5.85,4.72,0.78,0.98,0.36,0.0
874452,3208,Ronaldo Martinez,Vélez Sarsfield,Delantero,30,25,1803,6.78,8,1,9,0,3.16,0.21,44,24,13,3,19,350,65.71,8,7,5,28,28,7,111,126,21,24,2,0,0,0.4,0.05,0.45,0.16,0.01,2.2,1.2,0.95,0.4,0.35,0.25,1.4,5.54,1.05,1.2,0.1,0.0
1020511,65668,Rodrigo Insúa,Barracas Central,Defensor,28,25,2019,6.78,3,1,4,2,0.1,0.55,26,8,14,3,13,635,64.72,13,30,15,74,52,4,85,74,17,21,5,0,0,0.13,0.04,0.18,0.0,0.02,1.16,0.36,0.58,0.58,1.34,0.67,3.3,3.79,0.76,0.94,0.22,0.0
789369,189723,Cristian Paz,Deportivo Riestra,Defensor,31,25,2233,6.78,0,1,1,0,,0.04,0,0,0,1,3,394,66.5,5,57,39,90,173,0,110,79,10,30,4,0,0,0.0,0.04,0.04,,0.0,0.0,0.0,0.12,0.2,2.3,1.57,3.63,4.43,0.4,1.21,0.16,0.0
1650441,4937,Agustín Massaccesi,Instituto De Córdoba,Defensor,24,10,454,6.78,0,0,0,0,0.03,0.02,2,1,1,0,1,138,68.12,2,13,11,19,33,0,34,20,6,9,1,0,0,0.0,0.0,0.0,0.01,0.0,0.4,0.2,0.2,0.4,2.58,2.18,3.77,6.74,1.19,1.78,0.2,0.0
558820,3210,Franco Cristaldo,CA Talleres,Mediocampista,30,19,1379,6.78,1,2,3,0,1.25,1.18,12,4,5,2,38,585,82.91,9,19,3,65,12,3,60,76,18,11,1,0,0,0.07,0.13,0.2,0.08,0.08,0.78,0.26,2.48,0.59,1.24,0.2,4.24,3.92,1.17,0.72,0.07,0.0
913596,3215,Nazareno Colombo,Racing Club,Defensor,27,14,715,6.78,1,0,1,0,0.15,0.07,8,1,6,0,3,442,84.16,3,13,7,29,40,1,42,36,8,11,4,0,0,0.13,0.0,0.13,0.02,0.01,1.01,0.13,0.38,0.38,1.64,0.88,3.65,5.29,1.01,1.38,0.5,0.0
780178,3201,Emiliano Amor,San Lorenzo,Defensor,31,23,2026,6.78,1,0,1,0,0.05,0.25,5,2,3,0,5,957,85.37,1,25,45,71,121,0,104,73,5,16,2,0,0,0.04,0.0,0.04,0.0,0.01,0.22,0.09,0.22,0.04,1.11,2.0,3.15,4.62,0.22,0.71,0.09,0.0
1392241,3204,Juan Pablo Ludueña,Club Atlético Unión de Santa Fe,Defensor,23,27,2313,6.78,1,1,2,0,0.58,0.22,16,4,9,1,5,982,78.62,5,57,42,94,156,3,140,98,7,13,5,0,0,0.04,0.04,0.08,0.02,0.01,0.62,0.16,0.19,0.19,2.22,1.63,3.66,5.45,0.27,0.51,0.19,0.0
922462,65676,Darío Cáceres,Central Córdoba,Defensor,28,14,825,6.78,0,0,0,0,0.12,0.92,7,1,4,0,22,375,79.47,10,13,16,34,22,2,39,25,4,4,1,0,0,0.0,0.0,0.0,0.01,0.1,0.76,0.11,2.4,1.09,1.42,1.75,3.71,4.25,0.44,0.44,0.11,0.0
174519,3206,Guido Carrillo,Estudiantes de La Plata,Delantero,35,21,1418,6.78,3,2,5,0,2.84,0.88,56,25,19,3,23,348,63.51,5,6,3,23,22,12,104,86,14,17,0,0,0,0.19,0.13,0.32,0.18,0.06,3.55,1.59,1.46,0.32,0.38,0.19,1.46,6.6,0.89,1.08,0.0,0.0
1146881,3215,Matko Miljevic,Racing Club,Mediocampista,25,24,1216,6.78,2,1,3,0,1.22,0.84,54,16,22,1,20,712,84.69,14,5,10,76,3,16,70,82,36,28,4,1,0,0.15,0.07,0.22,0.09,0.06,4.0,1.18,1.48,1.04,0.37,0.74,5.62,5.18,2.66,2.07,0.3,0.07
930196,36837,Martín Barrios,Club Atlético Platense,Mediocampista,27,16,962,6.78,0,0,0,0,0.17,0.4,12,2,6,0,7,490,88.16,7,21,10,70,17,4,39,46,9,16,2,0,0,0.0,0.0,0.0,0.02,0.04,1.12,0.19,0.65,0.65,1.96,0.94,6.55,3.65,0.84,1.5,0.19,0.0
1104323,3212,Santiago Solari,Newell's Old Boys,Delantero,28,23,1567,6.77,3,4,7,0,1.59,1.14,36,11,12,6,27,400,66.5,17,22,6,62,20,13,71,108,9,21,4,0,0,0.17,0.23,0.4,0.09,0.07,2.07,0.63,1.55,0.98,1.26,0.34,3.56,4.08,0.52,1.21,0.23,0.0
340441,3218,Ramiro Carrera,CA Lanús,Mediocampista,32,22,1355,6.77,2,4,6,0,0.99,0.46,40,11,20,4,18,467,65.74,8,27,8,54,11,9,104,98,21,25,9,1,0,0.13,0.27,0.4,0.07,0.03,2.66,0.73,1.2,0.53,1.79,0.53,3.59,6.91,1.39,1.66,0.6,0.07
985019,65676,Lucas González,Central Córdoba,Mediocampista,26,24,1535,6.77,0,0,0,0,0.38,0.59,28,1,15,1,20,659,82.85,18,30,8,118,13,12,81,80,25,18,4,0,0,0.0,0.0,0.0,0.02,0.03,1.64,0.06,1.17,1.06,1.76,0.47,6.92,4.75,1.47,1.06,0.23,0.0
860003,7629,Lucas Blondel,Huracán,Defensor,30,20,1753,6.77,2,1,3,0,0.73,0.38,32,5,22,1,12,720,69.86,8,48,29,97,62,5,122,101,14,19,4,0,0,0.1,0.05,0.15,0.04,0.02,1.64,0.26,0.62,0.41,2.46,1.49,4.98,6.26,0.72,0.98,0.21,0.0
333807,36836,Franco Leys,Aldosivi,Mediocampista,32,11,510,6.77,0,0,0,0,,,2,1,1,0,1,214,80.37,0,17,8,18,14,0,34,21,9,7,1,0,0,0.0,0.0,0.0,,,0.35,0.18,0.18,0.0,3.0,1.41,3.18,6.0,1.59,1.24,0.18,0.0
992114,188441,Ulises Sánchez,Gimnasia y Esgrima Mendoza,Mediocampista,28,17,918,6.77,0,0,0,0,0.14,0.15,21,6,9,1,15,363,73.83,12,26,1,58,12,6,61,69,17,14,3,0,0,0.0,0.0,0.0,0.01,0.01,2.06,0.59,1.47,1.18,2.55,0.1,5.69,5.98,1.67,1.37,0.29,0.0
939935,36833,Nicolás Laméndola,Atlético Tucumán,Mediocampista,27,24,1817,6.77,1,1,2,0,0.24,0.66,22,7,10,2,25,507,68.05,57,46,15,97,13,5,138,173,28,32,6,0,0,0.05,0.05,0.1,0.01,0.03,1.09,0.35,1.24,2.82,2.28,0.74,4.8,6.84,1.39,1.59,0.3,0.0
1173564,7629,Oscar Cortés,Huracán,Mediocampista,22,26,1975,6.77,3,5,8,0,1.65,1.85,36,12,15,5,36,626,76.84,46,28,15,118,10,9,101,158,8,19,3,0,0,0.14,0.23,0.36,0.08,0.08,1.64,0.55,1.64,2.1,1.28,0.68,5.38,4.6,0.36,0.87,0.14,0.0
871745,36833,Luis Ingolotti,Atlético Tucumán,Portero,26,26,2340,6.77,0,1,1,0,,0.05,0,0,0,0,1,557,44.52,0,0,0,234,39,0,12,3,3,0,1,0,0,0.0,0.04,0.04,,0.0,0.0,0.0,0.04,0.0,0.0,0.0,9.0,0.46,0.12,0.0,0.04,0.0
976485,3202,Ayrton Costa,Boca Juniors,Defensor,27,17,1410,6.76,0,0,0,0,0.06,0.02,7,0,6,0,5,822,87.71,5,26,32,64,98,1,92,51,15,12,5,0,0,0.0,0.0,0.0,0.0,0.0,0.45,0.0,0.32,0.32,1.66,2.04,4.09,5.87,0.96,0.77,0.32,0.0
340897,3209,Maxi Meza,CA Independiente,Mediocampista,33,12,474,6.76,1,0,1,0,0.46,0.51,9,3,2,1,5,268,78.73,9,14,3,26,8,4,41,49,8,6,0,0,0,0.19,0.0,0.19,0.09,0.1,1.71,0.57,0.95,1.71,2.66,0.57,4.94,7.78,1.52,1.14,0.0,0.0
1112478,3219,Ignacio Pais,Banfield,Mediocampista,26,19,1307,6.76,0,0,0,0,0.21,0.14,17,4,8,0,10,553,75.05,6,53,20,91,22,5,85,92,11,34,3,0,0,0.0,0.0,0.0,0.01,0.01,1.17,0.28,0.69,0.41,3.65,1.38,6.27,5.85,0.76,2.34,0.21,0.0
989863,3202,Kevin Zenón,Boca Juniors,Mediocampista,25,8,379,6.76,1,0,1,0,1.1,0.11,10,6,4,1,6,160,77.5,5,5,1,17,4,0,23,20,11,2,1,0,0,0.24,0.0,0.24,0.26,0.03,2.37,1.42,1.42,1.19,1.19,0.24,4.04,5.46,2.61,0.47,0.24,0.0
992093,3215,Lautaro Díaz,Racing Club,Delantero,28,8,559,6.76,0,0,0,0,0.9,0.7,6,2,2,3,8,103,66.99,18,7,6,19,6,2,48,51,9,3,0,0,0,0.0,0.0,0.0,0.14,0.11,0.97,0.32,1.29,2.9,1.13,0.97,3.06,7.73,1.45,0.48,0.0,0.0
1087005,7628,Ignacio Russo,Tigre,Delantero,25,26,2188,6.76,8,3,11,0,3.4,0.7,54,20,25,6,25,412,65.29,10,17,7,42,19,9,106,136,42,28,4,0,0,0.33,0.12,0.45,0.14,0.03,2.22,0.82,1.03,0.41,0.7,0.29,1.73,4.36,1.73,1.15,0.16,0.0
358938,3211,Sebastián Driussi,River Plate,Delantero,30,20,1361,6.76,6,0,6,0,1.42,0.36,42,17,16,2,15,451,80.71,8,13,5,54,12,9,62,78,19,13,0,0,0,0.4,0.0,0.4,0.09,0.02,2.78,1.12,0.99,0.53,0.86,0.33,3.57,4.1,1.26,0.86,0.0,0.0
1067464,3218,Allan Wlk,CA Lanús,Delantero,23,10,560,6.76,3,0,3,0,2.25,0.2,19,11,7,0,2,142,67.61,5,3,1,9,7,1,32,47,3,4,0,0,0,0.48,0.0,0.48,0.36,0.03,3.05,1.77,0.32,0.8,0.48,0.16,1.45,5.14,0.48,0.64,0.0,0.0
840510,65668,Gonzalo Maroni,Barracas Central,Mediocampista,27,20,869,6.76,2,0,2,0,0.93,0.66,20,8,9,2,14,351,78.92,24,10,4,49,2,3,64,95,20,23,7,0,0,0.21,0.0,0.21,0.1,0.07,2.07,0.83,1.45,2.49,1.04,0.41,5.07,6.63,2.07,2.38,0.72,0.0
2082116,3211,Juan Cruz Meza,River Plate,Mediocampista,18,10,398,6.76,0,2,2,0,0.28,0.69,8,2,6,3,11,153,82.35,3,9,1,22,3,0,26,19,10,4,2,0,0,0.0,0.45,0.45,0.06,0.16,1.81,0.45,2.49,0.68,2.04,0.23,4.97,5.88,2.26,0.9,0.45,0.0
875236,3201,Nahuel Barrios,San Lorenzo,Mediocampista,28,10,391,6.76,0,2,2,0,0.24,0.47,4,1,1,1,8,170,80.0,4,12,2,30,1,2,32,35,14,4,1,0,0,0.0,0.46,0.46,0.06,0.11,0.92,0.23,1.84,0.92,2.76,0.46,6.91,7.37,3.22,0.92,0.23,0.0
1634827,266694,Matias Valenti,Estudiantes de Río Cuarto,Defensor,24,19,1541,6.76,0,1,1,0,0.93,0.21,15,2,9,2,4,588,73.13,4,28,32,62,93,4,87,68,3,27,7,0,0,0.0,0.06,0.06,0.05,0.01,0.88,0.12,0.23,0.23,1.64,1.87,3.62,5.08,0.18,1.58,0.41,0.0
805134,3212,Saúl Salcedo,Newell's Old Boys,Defensor,29,14,1260,6.76,0,0,0,0,,0.01,8,3,4,0,2,435,79.31,3,16,12,38,115,1,66,35,5,8,4,0,1,0.0,0.0,0.0,,0.0,0.57,0.21,0.14,0.21,1.14,0.86,2.71,4.71,0.36,0.57,0.29,0.0
1092590,36839,Ayrton Portillo,Defensa y Justicia,Defensor,26,16,1130,6.76,3,1,4,0,0.3,0.39,13,5,7,1,10,296,69.59,4,17,9,47,25,1,40,51,12,11,5,0,0,0.24,0.08,0.32,0.02,0.03,1.04,0.4,0.8,0.32,1.35,0.72,3.74,3.19,0.96,0.88,0.4,0.0
1893308,36839,Santiago Sosa,Defensa y Justicia,Mediocampista,21,25,2112,6.76,0,0,0,0,0.11,0.23,10,1,8,0,10,927,81.98,12,58,33,121,65,1,124,104,34,31,4,1,0,0.0,0.0,0.0,0.0,0.01,0.43,0.04,0.43,0.51,2.47,1.41,5.16,5.28,1.45,1.32,0.17,0.04
834177,189723,Miguel Barbieri,Deportivo Riestra,Defensor,33,9,576,6.76,0,0,0,0,,,5,2,3,0,1,129,59.69,2,11,12,14,46,0,35,27,2,9,4,0,0,0.0,0.0,0.0,,,0.78,0.31,0.16,0.31,1.72,1.88,2.19,5.47,0.31,1.41,0.62,0.0
1190295,189723,Pablo Monje,Deportivo Riestra,Mediocampista,29,23,1441,6.75,0,0,0,0,,0.39,5,0,2,5,24,460,57.83,3,26,22,63,28,3,60,55,7,16,1,0,0,0.0,0.0,0.0,,0.02,0.31,0.0,1.5,0.19,1.62,1.37,3.93,3.75,0.44,1.0,0.06,0.0
940692,3206,Adolfo Gaich,Estudiantes de La Plata,Delantero,27,16,756,6.75,4,2,6,0,1.71,0.38,25,9,11,1,9,158,62.03,4,6,1,16,4,5,49,52,13,21,1,0,0,0.48,0.24,0.71,0.2,0.05,2.98,1.07,1.07,0.48,0.71,0.12,1.9,5.83,1.55,2.5,0.12,0.0
1017278,36839,Agustín Hausch,Defensa y Justicia,Delantero,23,22,983,6.75,1,0,1,0,0.41,0.53,18,11,4,6,12,263,84.41,12,16,6,38,7,3,47,44,16,6,1,0,0,0.09,0.0,0.09,0.04,0.05,1.65,1.01,1.1,1.1,1.46,0.55,3.48,4.3,1.46,0.55,0.09,0.0
158583,3209,Santiago Arias,CA Independiente,Defensor,34,19,1273,6.75,0,2,2,0,0.08,0.28,3,1,2,0,8,577,75.74,1,35,25,69,33,0,71,48,23,12,2,0,0,0.0,0.14,0.14,0.01,0.02,0.21,0.07,0.57,0.07,2.47,1.77,4.88,5.02,1.63,0.85,0.14,0.0
861339,3212,Walter Mazzantti,Newell's Old Boys,Mediocampista,30,24,1608,6.75,2,2,4,0,1.14,1.52,16,8,6,9,22,382,74.87,26,27,8,85,9,2,106,113,38,20,1,0,0,0.11,0.11,0.22,0.06,0.09,0.9,0.45,1.23,1.46,1.51,0.45,4.76,5.93,2.13,1.12,0.06,0.0
895365,65668,Nicolás Demartini,Barracas Central,Defensor,26,19,1686,6.75,0,1,1,0,0.18,0.14,3,0,1,1,4,609,77.01,3,27,31,61,71,2,65,56,6,29,5,0,1,0.0,0.05,0.05,0.01,0.01,0.16,0.0,0.21,0.16,1.44,1.65,3.26,3.47,0.32,1.55,0.27,0.0
1182457,3201,Matias Reali,San Lorenzo,Delantero,29,15,781,6.75,0,1,1,0,0.53,0.98,14,7,4,2,28,190,77.37,6,20,11,28,4,3,43,33,15,10,2,1,0,0.0,0.12,0.12,0.06,0.11,1.61,0.81,3.23,0.69,2.3,1.27,3.23,4.96,1.73,1.15,0.23,0.12
859970,3215,Matías Zaracho,Racing Club,Mediocampista,28,24,1217,6.75,3,1,4,0,1.46,1.2,24,8,10,1,17,527,82.35,6,35,20,58,10,6,65,89,11,18,4,0,0,0.22,0.07,0.3,0.11,0.09,1.77,0.59,1.26,0.44,2.59,1.48,4.29,4.81,0.81,1.33,0.3,0.0
927790,3206,Edwuin Cetré,Estudiantes de La Plata,Delantero,28,22,1042,6.75,0,2,2,0,0.33,0.64,26,9,8,4,25,268,78.73,12,11,4,37,11,9,60,51,33,11,3,0,0,0.0,0.17,0.17,0.03,0.06,2.25,0.78,2.16,1.04,0.95,0.35,3.2,5.18,2.85,0.95,0.26,0.0
1092308,3202,Milton Giménez,Boca Juniors,Delantero,30,9,362,6.74,4,0,4,1,0.86,0.02,15,6,7,0,0,50,78.0,1,3,2,12,5,2,17,39,5,8,1,0,0,0.99,0.0,0.99,0.21,0.0,3.73,1.49,0.0,0.25,0.75,0.5,2.98,4.23,1.24,1.99,0.25,0.0
1415737,7628,Jabes Saralegui,Tigre,Mediocampista,23,18,1220,6.74,0,3,3,0,0.75,1.38,14,4,7,5,18,365,68.49,9,19,10,67,16,3,59,55,23,10,1,1,0,0.0,0.22,0.22,0.06,0.1,1.03,0.3,1.33,0.66,1.4,0.74,4.94,4.35,1.7,0.74,0.07,0.07
2050769,3202,Leonel Flores,Boca Juniors,Delantero,19,9,719,6.74,0,2,2,0,1.64,1.0,23,7,11,2,13,251,76.89,27,6,2,32,4,5,52,63,16,8,2,0,0,0.0,0.25,0.25,0.21,0.13,2.88,0.88,1.63,3.38,0.75,0.25,4.01,6.51,2.0,1.0,0.25,0.0
1384820,3205,Franco Torres,Gimnasia y Esgrima,Delantero,27,22,703,6.74,3,0,3,0,0.42,0.18,19,8,6,4,14,173,68.79,13,13,3,31,5,5,40,52,10,14,4,0,0,0.38,0.0,0.38,0.05,0.02,2.43,1.02,1.79,1.66,1.66,0.38,3.97,5.12,1.28,1.79,0.51,0.0
1199467,3201,Mathias de Ritis,San Lorenzo,Defensor,23,19,1366,6.74,0,2,2,0,0.04,0.34,7,2,4,3,14,437,69.34,10,35,28,68,76,1,76,79,14,17,6,0,0,0.0,0.13,0.13,0.0,0.02,0.46,0.13,0.92,0.66,2.31,1.84,4.48,5.01,0.92,1.12,0.4,0.0
1160545,36842,Gonzalo Ríos,Independiente Rivadavia,Mediocampista,27,26,1294,6.74,3,3,6,0,0.71,0.6,20,9,6,6,22,422,76.3,19,15,11,70,10,5,74,119,26,17,2,0,0,0.21,0.21,0.42,0.05,0.04,1.39,0.63,1.53,1.32,1.04,0.77,4.87,5.15,1.81,1.18,0.14,0.0
926413,3211,Giuliano Galoppo,River Plate,Mediocampista,27,10,345,6.74,1,0,1,0,0.03,,14,5,4,2,4,160,82.5,3,4,2,15,6,5,22,28,8,8,1,0,0,0.26,0.0,0.26,0.01,,3.65,1.3,1.04,0.78,1.04,0.52,3.91,5.74,2.09,2.09,0.26,0.0
2076942,3210,Timoteo Chamorro,CA Talleres,Defensor,20,10,568,6.74,0,2,2,0,0.55,1.61,12,6,3,3,14,184,79.35,6,11,3,22,13,3,20,30,0,6,2,0,0,0.0,0.32,0.32,0.09,0.26,1.9,0.95,2.22,0.95,1.74,0.48,3.49,3.17,0.0,0.95,0.32,0.0
249829,36839,Rubén Botta,Defensa y Justicia,Delantero,36,13,859,6.74,1,1,2,0,0.02,0.1,14,6,5,3,17,304,75.66,14,19,7,34,4,3,50,56,17,9,3,1,0,0.1,0.1,0.21,0.0,0.01,1.47,0.63,1.78,1.47,1.99,0.73,3.56,5.24,1.78,0.94,0.31,0.1
879962,3215,Franco Pardo,Racing Club,Defensor,29,14,770,6.74,0,0,0,0,,0.0,3,1,2,0,0,425,77.18,2,8,9,32,32,0,40,19,6,6,3,0,0,0.0,0.0,0.0,,0.0,0.35,0.12,0.0,0.23,0.94,1.05,3.74,4.68,0.7,0.7,0.35,0.0
992112,7628,Nahuel Banegas,Tigre,Defensor,29,13,902,6.74,0,0,0,0,1.7,0.76,12,4,8,1,11,301,64.78,10,29,11,46,27,0,75,57,14,13,3,0,0,0.0,0.0,0.0,0.17,0.08,1.2,0.4,1.1,1.0,2.89,1.1,4.59,7.48,1.4,1.3,0.3,0.0
981453,266694,Ibrahim Hesar,Estudiantes de Río Cuarto,Mediocampista,32,8,565,6.74,1,0,1,1,1.0,0.6,6,1,4,2,9,162,68.52,4,10,2,25,5,1,45,52,16,11,3,0,0,0.16,0.0,0.16,0.16,0.1,0.96,0.16,1.43,0.64,1.59,0.32,3.98,7.17,2.55,1.75,0.48,0.0
249409,3215,Bruno Zuculini,Racing Club,Mediocampista,33,16,760,6.74,0,1,1,0,0.15,0.08,4,0,3,1,4,287,77.35,4,31,8,44,9,1,46,41,5,11,3,0,0,0.0,0.12,0.12,0.02,0.01,0.47,0.0,0.47,0.47,3.67,0.95,5.21,5.45,0.59,1.3,0.36,0.0
790594,188441,Brian Andrada,Gimnasia y Esgrima Mendoza,Mediocampista,29,9,318,6.74,0,0,0,0,0.04,0.34,3,1,2,1,7,104,81.73,5,7,5,17,5,0,17,18,4,4,0,0,0,0.0,0.0,0.0,0.01,0.1,0.85,0.28,1.98,1.42,1.98,1.42,4.81,4.81,1.13,1.13,0.0,0.0
849136,36837,Ivan Gómez,Club Atlético Platense,Mediocampista,29,14,955,6.74,0,0,0,0,0.2,0.06,9,1,7,0,4,471,87.69,6,23,20,65,16,1,52,57,8,15,2,0,0,0.0,0.0,0.0,0.02,0.01,0.85,0.09,0.38,0.57,2.17,1.88,6.13,4.9,0.75,1.41,0.19,0.0
927326,3217,Enzo Giménez,Rosario Central,Mediocampista,28,17,1440,6.74,1,1,2,0,0.14,0.52,20,6,10,5,15,626,78.91,9,32,17,64,34,4,100,95,28,27,5,0,0,0.06,0.06,0.12,0.01,0.03,1.25,0.38,0.94,0.56,2.0,1.06,4.0,6.25,1.75,1.69,0.31,0.0
1065971,189723,Pedro Ramírez,Deportivo Riestra,Defensor,26,17,1241,6.74,1,0,1,0,0.18,0.18,17,3,8,0,11,280,60.0,14,31,15,82,34,6,65,100,9,18,3,0,0,0.07,0.0,0.07,0.01,0.01,1.23,0.22,0.8,1.02,2.25,1.09,5.95,4.71,0.65,1.31,0.22,0.0
819149,3215,Duván Vergara,Racing Club,Delantero,30,20,603,6.73,3,0,3,0,0.56,0.23,19,11,3,1,5,196,83.16,11,7,7,27,1,5,37,47,15,9,2,0,0,0.45,0.0,0.45,0.08,0.03,2.84,1.64,0.75,1.64,1.04,1.04,4.03,5.52,2.24,1.34,0.3,0.0
1117022,3216,Emiliano Viveros,Argentinos Juniors,Mediocampista,24,18,956,6.73,1,2,3,0,0.04,0.45,14,4,6,2,11,402,81.09,8,23,7,49,5,4,64,71,26,15,1,0,0,0.09,0.19,0.28,0.0,0.04,1.32,0.38,1.04,0.75,2.17,0.66,4.61,6.03,2.45,1.41,0.09,0.0
1116604,266694,Agustín Lastra,Estudiantes de Río Cuarto,Portero,25,12,1080,6.73,0,0,0,0,,0.01,0,0,0,0,0,304,62.5,1,0,0,116,15,0,10,0,8,0,0,0,0,0.0,0.0,0.0,,0.0,0.0,0.0,0.0,0.08,0.0,0.0,9.67,0.83,0.67,0.0,0.0,0.0
2035649,3201,Ignacio Perruzzi,San Lorenzo,Mediocampista,21,19,1230,6.73,0,0,0,0,0.34,0.11,4,1,2,0,6,514,83.27,1,29,14,66,32,1,87,61,35,29,6,0,0,0.0,0.0,0.0,0.02,0.01,0.29,0.07,0.44,0.07,2.12,1.02,4.83,6.37,2.56,2.12,0.44,0.0
1102817,36833,Ignacio Galván,Atlético Tucumán,Defensor,24,21,1583,6.73,0,0,0,0,0.18,0.34,10,3,5,2,15,548,72.08,18,35,18,86,57,2,107,89,19,15,2,1,0,0.0,0.0,0.0,0.01,0.02,0.57,0.17,0.85,1.02,1.99,1.02,4.89,6.08,1.08,0.85,0.11,0.06
1085452,42338,Junior Marabel,Sarmiento,Delantero,28,26,2009,6.73,13,4,17,4,6.32,0.36,51,24,23,5,17,435,67.59,3,10,4,42,17,4,117,167,25,20,1,0,0,0.58,0.18,0.76,0.28,0.02,2.28,1.08,0.76,0.13,0.45,0.18,1.88,5.24,1.12,0.9,0.04,0.0
1578950,65676,Yuri Casermeiro,Central Córdoba,Defensor,24,12,708,6.73,0,0,0,0,0.06,0.03,4,1,2,0,0,271,71.59,3,22,12,35,52,1,51,36,3,9,5,0,0,0.0,0.0,0.0,0.01,0.0,0.51,0.13,0.0,0.38,2.8,1.53,4.45,6.48,0.38,1.14,0.64,0.0
122616,3219,Sergio Vittor,Banfield,Defensor,37,13,1013,6.72,0,0,0,0,,0.02,3,1,1,0,2,414,71.26,4,15,25,41,72,1,50,39,3,11,3,0,0,0.0,0.0,0.0,,0.0,0.27,0.09,0.18,0.36,1.33,2.22,3.64,4.44,0.27,0.98,0.27,0.0
924198,3216,Gastón Verón,Argentinos Juniors,Delantero,25,10,631,6.72,4,0,4,0,3.8,0.33,31,11,14,0,6,180,72.78,8,7,1,15,3,6,58,55,15,13,0,0,0,0.57,0.0,0.57,0.54,0.05,4.42,1.57,0.86,1.14,1.0,0.14,2.14,8.27,2.14,1.85,0.0,0.0
1948431,7629,Ignacio Campo,Huracán,Defensor,21,12,806,6.72,1,1,2,0,,0.03,5,2,1,0,3,224,73.66,8,12,10,40,31,2,38,35,8,12,5,0,0,0.11,0.11,0.22,,0.0,0.56,0.22,0.33,0.89,1.34,1.12,4.47,4.24,0.89,1.34,0.56,0.0
1169586,3215,Ulises Ortegoza,Racing Club,Mediocampista,29,25,1502,6.72,1,4,5,0,0.29,0.42,26,7,9,3,21,630,81.11,11,43,9,87,20,10,81,112,16,34,5,0,0,0.06,0.24,0.3,0.02,0.03,1.56,0.42,1.26,0.66,2.58,0.54,5.21,4.85,0.96,2.04,0.3,0.0
1461801,42338,Santiago Salle,Sarmiento,Mediocampista,22,25,1714,6.72,0,1,1,0,0.08,0.38,10,4,3,3,16,350,63.43,34,27,13,89,40,3,118,120,36,34,9,0,0,0.0,0.05,0.05,0.0,0.02,0.53,0.21,0.84,1.79,1.42,0.68,4.67,6.2,1.89,1.79,0.47,0.0
838847,3203,Adrián Spörle,Club Atlético Belgrano,Defensor,31,25,1835,6.72,0,0,0,0,0.35,1.17,8,4,3,3,16,656,77.13,25,46,19,81,34,1,90,87,5,26,4,0,0,0.0,0.0,0.0,0.02,0.06,0.39,0.2,0.78,1.23,2.26,0.93,3.97,4.41,0.25,1.28,0.2,0.0
877400,3217,Facundo Mallo,Rosario Central,Defensor,31,14,843,6.72,0,0,0,0,,0.07,1,0,1,0,3,410,84.63,2,11,13,26,67,0,40,23,2,9,3,0,1,0.0,0.0,0.0,,0.01,0.11,0.0,0.32,0.21,1.17,1.39,2.78,4.27,0.21,0.96,0.32,0.0
107397,36833,Leandro Díaz,Atlético Tucumán,Delantero,34,21,1587,6.71,7,1,8,3,2.11,0.79,42,21,17,2,13,331,61.63,4,5,2,40,17,4,86,125,20,32,3,0,0,0.4,0.06,0.45,0.12,0.04,2.38,1.19,0.74,0.23,0.28,0.11,2.27,4.88,1.13,1.81,0.17,0.0
340509,7629,Ignacio Pussetto,Huracán,Delantero,30,14,634,6.71,2,0,2,1,0.88,0.41,15,4,9,0,8,146,72.6,14,12,2,21,14,2,52,59,9,15,2,0,0,0.28,0.0,0.28,0.12,0.06,2.13,0.57,1.14,1.99,1.7,0.28,2.98,7.38,1.28,2.13,0.28,0.0
899292,189723,Braian Sánchez,Deportivo Riestra,Mediocampista,33,7,420,6.71,1,0,1,0,0.71,0.65,6,1,3,0,1,129,62.02,11,10,6,25,4,2,34,31,6,4,0,0,0,0.21,0.0,0.21,0.15,0.14,1.29,0.21,0.21,2.36,2.14,1.29,5.36,7.29,1.29,0.86,0.0,0.0
1465298,188441,Matias Recalde,Gimnasia y Esgrima Mendoza,Defensor,29,21,1363,6.71,0,0,0,0,0.28,0.23,11,4,5,2,11,689,75.62,8,43,26,90,38,2,83,71,22,17,3,0,0,0.0,0.0,0.0,0.02,0.02,0.73,0.26,0.73,0.53,2.84,1.72,5.94,5.48,1.45,1.12,0.2,0.0
946195,36836,Tomás Fernández,Aldosivi,Mediocampista,28,16,887,6.71,3,3,6,0,1.48,0.53,23,10,8,3,15,175,61.71,8,24,3,41,5,5,45,74,5,19,4,0,0,0.3,0.3,0.61,0.15,0.05,2.33,1.01,1.52,0.81,2.44,0.3,4.16,4.57,0.51,1.93,0.41,0.0
1116987,3217,Alejo Véliz,Rosario Central,Delantero,22,17,1135,6.71,4,0,4,0,0.07,0.03,38,13,18,0,5,156,69.23,7,3,0,24,11,7,70,77,22,13,1,0,0,0.32,0.0,0.32,0.01,0.0,3.01,1.03,0.4,0.56,0.24,0.0,1.9,5.55,1.74,1.03,0.08,0.0
1464025,3211,Kendry Páez,River Plate,Mediocampista,19,10,361,6.71,1,0,1,0,0.33,0.32,10,6,2,3,9,149,77.18,12,7,3,11,1,2,25,26,4,3,1,0,0,0.25,0.0,0.25,0.08,0.08,2.49,1.5,2.24,2.99,1.75,0.75,2.74,6.23,1.0,0.75,0.25,0.0
1116121,36836,Santiago Moya,Aldosivi,Defensor,23,10,780,6.71,1,1,2,0,,0.06,3,2,1,2,5,248,75.4,5,12,8,30,54,0,41,25,7,8,2,0,0,0.12,0.12,0.23,,0.01,0.35,0.23,0.58,0.58,1.38,0.92,3.46,4.73,0.81,0.92,0.23,0.0
1092313,3212,Bruno Cabrera,Newell's Old Boys,Defensor,29,13,725,6.71,1,0,1,0,0.09,0.03,8,1,3,1,1,297,80.13,0,10,9,29,39,4,42,31,6,10,0,1,0,0.12,0.0,0.12,0.01,0.0,0.99,0.12,0.12,0.0,1.24,1.12,3.6,5.21,0.74,1.24,0.0,0.12
830743,266694,Facundo Cobos,Estudiantes de Río Cuarto,Defensor,33,13,764,6.71,1,0,1,0,,0.18,3,2,1,0,9,249,72.29,5,28,12,45,20,0,53,35,10,8,1,0,0,0.12,0.0,0.12,,0.02,0.35,0.24,1.06,0.59,3.3,1.41,5.3,6.24,1.18,0.94,0.12,0.0
2110739,7629,Thaiel Peralta,Huracán,Mediocampista,18,15,569,6.71,2,1,3,0,,0.59,8,4,1,1,7,134,75.37,9,9,6,25,4,3,29,43,8,4,1,1,0,0.32,0.16,0.47,,0.09,1.27,0.63,1.11,1.42,1.42,0.95,3.95,4.59,1.27,0.63,0.16,0.16
1893304,3201,Teo Rodríguez Pagano,San Lorenzo,Defensor,20,15,1031,6.71,0,0,0,0,0.08,0.74,8,1,7,2,6,379,67.28,17,18,8,44,35,0,57,64,13,11,1,0,0,0.0,0.0,0.0,0.01,0.06,0.7,0.09,0.52,1.48,1.57,0.7,3.84,4.98,1.13,0.96,0.09,0.0
903286,3212,Matías Cóccaro,Newell's Old Boys,Delantero,28,18,1149,6.71,6,0,6,1,3.7,0.15,27,12,9,0,6,258,67.44,7,13,5,22,24,6,81,106,25,26,3,0,0,0.47,0.0,0.47,0.29,0.01,2.11,0.94,0.47,0.55,1.02,0.39,1.72,6.34,1.96,2.04,0.23,0.0
990171,3203,Santiago Longo,Club Atlético Belgrano,Mediocampista,28,20,979,6.71,0,0,0,0,0.1,0.15,7,2,2,0,5,503,86.08,3,34,8,59,18,3,49,45,4,17,3,1,0,0.0,0.0,0.0,0.01,0.01,0.64,0.18,0.46,0.28,3.13,0.74,5.42,4.5,0.37,1.56,0.28,0.09
896722,3204,Brahian Cuello,Club Atlético Unión de Santa Fe,Mediocampista,29,21,1222,6.7,4,1,5,0,1.0,0.48,24,9,11,0,15,389,73.26,8,20,12,66,11,4,68,89,21,25,5,0,0,0.29,0.07,0.37,0.07,0.04,1.77,0.66,1.1,0.59,1.47,0.88,4.86,5.01,1.55,1.84,0.37,0.0
1112782,65676,Fernando Martínez,Central Córdoba,Defensor,26,24,1466,6.7,1,1,2,0,0.3,0.54,12,3,4,3,11,430,78.14,15,48,15,83,30,5,88,121,7,16,4,0,0,0.06,0.06,0.12,0.02,0.03,0.74,0.18,0.68,0.92,2.95,0.92,5.1,5.4,0.43,0.98,0.25,0.0
1847518,3218,Yoshan Valois,CA Lanús,Delantero,21,19,753,6.7,4,1,5,0,2.23,0.15,16,6,8,2,10,166,68.07,5,2,0,20,8,2,52,73,12,24,1,0,0,0.48,0.12,0.6,0.27,0.02,1.91,0.72,1.2,0.6,0.24,0.0,2.39,6.22,1.43,2.87,0.12,0.0
1478394,3201,Fabricio López,San Lorenzo,Defensor,23,6,304,6.7,1,0,1,0,0.09,0.0,4,1,2,0,2,98,59.18,4,10,4,11,11,1,17,25,0,6,1,0,0,0.3,0.0,0.3,0.03,0.0,1.18,0.3,0.59,1.18,2.96,1.18,3.26,5.03,0.0,1.78,0.3,0.0
1020498,3212,Martín Ortega,Newell's Old Boys,Defensor,27,11,800,6.7,0,2,2,0,0.41,0.6,7,4,3,1,8,248,68.95,7,21,9,54,23,0,45,43,6,7,2,0,0,0.0,0.22,0.22,0.05,0.07,0.79,0.45,0.9,0.79,2.36,1.01,6.08,5.06,0.68,0.79,0.22,0.0
546316,36833,Ezequiel Ham,Atlético Tucumán,Mediocampista,32,16,763,6.7,0,1,1,0,,0.0,12,1,5,2,11,314,78.66,5,10,9,36,9,6,19,17,1,3,3,0,0,0.0,0.12,0.12,,0.0,1.42,0.12,1.3,0.59,1.18,1.06,4.25,2.24,0.12,0.35,0.35,0.0
1482409,7628,Juan Villalba,Tigre,Defensor,20,9,650,6.7,0,1,1,0,0.17,0.06,3,0,3,1,4,372,74.73,4,7,11,28,30,0,24,16,6,3,2,0,0,0.0,0.14,0.14,0.02,0.01,0.42,0.0,0.55,0.55,0.97,1.52,3.88,3.32,0.83,0.42,0.28,0.0
881170,4937,Ignacio Méndez,Instituto De Córdoba,Mediocampista,29,20,733,6.7,0,1,1,0,0.17,0.12,7,0,4,0,5,397,78.59,9,12,9,37,13,3,35,37,4,10,3,0,0,0.0,0.12,0.12,0.02,0.01,0.86,0.0,0.61,1.11,1.47,1.11,4.54,4.3,0.49,1.23,0.37,0.0
1084967,3201,Gonzalo Abrego,San Lorenzo,Mediocampista,26,12,560,6.7,0,0,0,0,,0.08,5,3,1,1,4,247,77.33,7,9,3,24,8,1,41,32,6,8,1,0,0,0.0,0.0,0.0,,0.01,0.8,0.48,0.64,1.12,1.45,0.48,3.86,6.59,0.96,1.29,0.16,0.0
1381878,266694,Gonzalo Gonzalez,Estudiantes de Río Cuarto,Defensor,23,11,776,6.7,0,0,0,0,0.28,0.09,3,0,1,0,1,225,71.11,4,21,11,34,22,2,41,35,11,15,1,0,0,0.0,0.0,0.0,0.03,0.01,0.35,0.0,0.12,0.46,2.44,1.28,3.94,4.76,1.28,1.74,0.12,0.0
838402,266694,Nicolás Talpone,Estudiantes de Río Cuarto,Mediocampista,30,21,1133,6.7,0,0,0,0,0.09,0.54,17,4,10,2,21,537,81.56,11,22,9,67,12,3,50,69,13,13,1,0,0,0.0,0.0,0.0,0.01,0.04,1.35,0.32,1.67,0.87,1.75,0.71,5.32,3.97,1.03,1.03,0.08,0.0
1482426,3202,Camilo Rey Domenech,Boca Juniors,Mediocampista,20,7,334,6.7,0,0,0,0,0.04,0.03,1,0,0,0,0,201,87.06,0,7,5,20,9,1,14,8,1,4,0,0,0,0.0,0.0,0.0,0.01,0.01,0.27,0.0,0.0,0.0,1.89,1.35,5.39,3.77,0.27,1.08,0.0,0.0
1087087,3216,Lautaro Giaccone,Argentinos Juniors,Mediocampista,25,11,451,6.7,0,0,0,0,0.01,0.03,8,3,5,0,6,175,73.14,8,9,7,16,5,0,24,19,5,2,0,0,0,0.0,0.0,0.0,0.0,0.01,1.6,0.6,1.2,1.6,1.8,1.4,3.19,4.79,1.0,0.4,0.0,0.0
1019621,3201,Rodrigo Auzmendi,San Lorenzo,Delantero,25,25,1509,6.7,6,0,6,0,3.47,0.49,53,22,20,0,11,335,53.43,9,10,3,31,17,11,115,138,22,32,5,0,0,0.36,0.0,0.36,0.21,0.03,3.16,1.31,0.66,0.54,0.6,0.18,1.85,6.86,1.31,1.91,0.3,0.0
1104322,7629,Juan Bisanz,Huracán,Delantero,25,24,1219,6.7,2,1,3,0,2.03,0.73,38,12,15,3,14,253,70.36,15,12,7,55,12,11,66,85,25,22,3,0,0,0.15,0.07,0.22,0.15,0.05,2.81,0.89,1.03,1.11,0.89,0.52,4.06,4.87,1.85,1.62,0.22,0.0
1086339,3218,Lucas Besozzi,CA Lanús,Delantero,23,23,754,6.7,0,2,2,0,0.31,0.9,6,3,1,3,14,350,84.86,19,16,8,59,11,2,52,74,11,3,1,0,0,0.0,0.24,0.24,0.04,0.11,0.72,0.36,1.67,2.27,1.91,0.95,7.04,6.21,1.31,0.36,0.12,0.0
835241,188441,Fermin Antonini,Gimnasia y Esgrima Mendoza,Mediocampista,29,21,1478,6.7,0,2,2,0,0.25,0.13,11,3,3,0,11,548,80.66,3,46,18,70,32,5,96,98,28,37,6,0,0,0.0,0.12,0.12,0.02,0.01,0.67,0.18,0.67,0.18,2.8,1.1,4.26,5.85,1.71,2.25,0.37,0.0
933434,36839,Juan Manuel Gutiérrez,Defensa y Justicia,Delantero,24,26,2181,6.69,4,6,10,0,2.55,1.43,56,23,22,5,19,413,73.61,43,35,12,101,10,11,132,164,43,28,3,0,0,0.17,0.25,0.41,0.11,0.06,2.31,0.95,0.78,1.77,1.44,0.5,4.17,5.45,1.77,1.16,0.12,0.0
1067653,3205,Maximiliano Zalazar,Gimnasia y Esgrima,Delantero,25,13,542,6.69,1,1,2,0,1.34,1.15,28,8,14,2,8,150,70.67,14,9,7,24,2,6,30,25,5,7,3,0,0,0.17,0.17,0.33,0.22,0.19,4.65,1.33,1.33,2.32,1.49,1.16,3.99,4.98,0.83,1.16,0.5,0.0
895593,3217,Emanuel Coronel,Rosario Central,Defensor,29,22,1551,6.69,0,1,1,0,0.13,1.71,8,2,5,8,10,783,79.44,17,31,24,67,55,1,95,99,21,29,4,2,0,0.0,0.06,0.06,0.01,0.1,0.46,0.12,0.58,0.99,1.8,1.39,3.89,5.51,1.22,1.68,0.23,0.12
994455,189723,Nicolas Watson,Deportivo Riestra,Mediocampista,28,21,999,6.69,0,1,1,0,0.11,0.49,5,1,2,1,10,347,61.67,3,40,12,64,14,2,90,70,30,31,6,0,0,0.0,0.09,0.09,0.01,0.04,0.45,0.09,0.9,0.27,3.6,1.08,5.77,8.11,2.7,2.79,0.54,0.0
1096251,36836,Joaquin Pombo,Aldosivi,Defensor,25,10,855,6.69,1,0,1,0,0.46,0.03,3,1,2,0,0,237,75.95,3,9,15,22,68,0,32,29,3,10,2,0,0,0.11,0.0,0.11,0.05,0.0,0.32,0.11,0.0,0.32,0.95,1.58,2.32,3.37,0.32,1.05,0.21,0.0
877630,3212,Juan Ignacio Ramírez,Newell's Old Boys,Delantero,29,18,777,6.69,4,1,5,1,1.47,0.26,19,9,7,1,4,125,66.4,2,10,0,19,8,3,43,54,18,13,0,0,0,0.46,0.12,0.58,0.17,0.03,2.2,1.04,0.46,0.23,1.16,0.0,2.2,4.98,2.08,1.51,0.0,0.0
1114489,3219,Lautaro Villegas,Banfield,Mediocampista,22,18,956,6.69,0,0,0,0,0.12,0.16,4,1,2,0,8,341,75.66,8,31,8,63,18,1,54,57,7,11,3,0,0,0.0,0.0,0.0,0.01,0.02,0.38,0.09,0.75,0.75,2.92,0.75,5.93,5.08,0.66,1.04,0.28,0.0
800246,3204,Bruno Pittón,Club Atlético Unión de Santa Fe,Defensor,33,17,547,6.69,0,1,1,0,0.19,0.33,2,0,1,0,7,206,73.79,1,23,7,24,18,1,38,24,3,6,0,0,0,0.0,0.16,0.16,0.03,0.05,0.33,0.0,1.15,0.16,3.78,1.15,3.95,6.25,0.49,0.99,0.0,0.0
981007,3216,Hernán López Muñoz,Argentinos Juniors,Mediocampista,26,24,1501,6.69,4,3,7,0,2.08,1.41,46,19,19,6,24,494,73.28,22,32,7,63,5,8,104,118,45,22,1,1,0,0.24,0.18,0.42,0.12,0.08,2.76,1.14,1.44,1.32,1.92,0.42,3.78,6.24,2.7,1.32,0.06,0.06
884931,65676,Santiago Moyano,Central Córdoba,Defensor,29,24,1733,6.69,0,1,1,0,0.06,0.49,9,1,5,3,14,569,76.27,21,28,25,122,53,3,85,86,15,30,5,0,0,0.0,0.05,0.05,0.0,0.03,0.47,0.05,0.73,1.09,1.45,1.3,6.34,4.41,0.78,1.56,0.26,0.0
798553,65676,Horacio Tijanovich,Central Córdoba,Mediocampista,30,21,1045,6.69,0,2,2,0,0.2,0.25,14,8,4,2,11,268,69.03,5,15,10,39,29,2,82,72,39,15,5,0,0,0.0,0.17,0.17,0.02,0.02,1.21,0.69,0.95,0.43,1.29,0.86,3.36,7.06,3.36,1.29,0.43,0.0
830889,3209,Milton Valenzuela,CA Independiente,Defensor,28,7,402,6.69,0,0,0,0,,0.04,4,1,1,0,3,170,76.47,2,15,3,31,16,2,23,32,2,9,2,0,0,0.0,0.0,0.0,,0.01,0.9,0.22,0.67,0.45,3.36,0.67,6.94,5.15,0.45,2.01,0.45,0.0
47334,3218,Eduardo Salvio,CA Lanús,Mediocampista,36,26,1776,6.68,2,6,8,1,1.79,0.7,37,16,16,5,30,702,81.48,34,25,13,115,22,5,90,138,22,15,1,0,0,0.1,0.3,0.41,0.09,0.04,1.88,0.81,1.52,1.72,1.27,0.66,5.83,4.56,1.11,0.76,0.05,0.0
992100,65676,Marco Iacobellis,Central Córdoba,Mediocampista,26,21,1064,6.68,1,1,2,0,1.38,0.91,34,7,18,3,23,388,76.8,27,24,8,57,1,9,81,105,26,23,3,0,0,0.08,0.08,0.17,0.12,0.08,2.88,0.59,1.95,2.28,2.03,0.68,4.82,6.85,2.2,1.95,0.25,0.0
122711,36836,Lucas Castro,Aldosivi,Mediocampista,37,21,1098,6.68,1,0,1,0,0.75,0.31,22,5,15,2,12,504,65.87,22,30,13,75,23,2,81,71,14,13,1,0,0,0.08,0.0,0.08,0.06,0.03,1.8,0.41,0.98,1.8,2.46,1.07,6.15,6.64,1.15,1.07,0.08,0.0
1918993,3219,Lisandro Piñero,Banfield,Delantero,19,20,687,6.68,0,1,1,0,0.74,0.28,9,0,4,2,9,166,69.28,17,14,3,33,11,5,64,57,28,9,3,0,0,0.0,0.13,0.13,0.1,0.04,1.18,0.0,1.18,2.23,1.83,0.39,4.32,8.38,3.67,1.18,0.39,0.0
1110285,189723,Facundo Miño,Deportivo Riestra,Defensor,26,23,1636,6.68,0,0,0,0,,0.21,2,1,0,0,3,351,55.84,3,37,29,58,94,1,81,61,14,27,9,0,1,0.0,0.0,0.0,,0.01,0.11,0.06,0.17,0.17,2.04,1.6,3.19,4.46,0.77,1.49,0.5,0.0
1406702,3212,David Sotelo,Newell's Old Boys,Mediocampista,23,11,442,6.68,0,0,0,0,0.02,0.03,6,2,2,0,6,211,76.3,2,9,6,30,14,2,20,27,3,6,0,0,0,0.0,0.0,0.0,0.0,0.01,1.22,0.41,1.22,0.41,1.83,1.22,6.11,4.07,0.61,1.22,0.0,0.0
1190103,36837,Nicolás Retamar,Club Atlético Platense,Mediocampista,27,21,1210,6.68,3,2,5,0,1.86,0.39,29,10,14,1,17,374,69.25,11,15,8,61,13,5,63,79,13,10,0,0,0,0.22,0.15,0.37,0.14,0.03,2.16,0.74,1.26,0.82,1.12,0.6,4.54,4.69,0.97,0.74,0.0,0.0
874970,3201,Guzmán Corujo,San Lorenzo,Defensor,30,7,373,6.68,0,0,0,0,0.09,0.02,3,1,2,0,1,131,81.68,0,9,3,19,27,0,13,15,1,4,1,0,0,0.0,0.0,0.0,0.02,0.0,0.72,0.24,0.24,0.0,2.17,0.72,4.58,3.14,0.24,0.97,0.24,0.0
1003722,189723,Rodrigo Gallo,Deportivo Riestra,Defensor,25,9,460,6.68,0,0,0,0,,0.21,0,0,0,2,6,142,59.15,1,7,8,16,20,0,16,23,1,9,2,0,0,0.0,0.0,0.0,,0.04,0.0,0.0,1.17,0.2,1.37,1.57,3.13,3.13,0.2,1.76,0.39,0.0
1186698,3205,Mateo Seoane,Gimnasia y Esgrima,Mediocampista,22,14,932,6.68,0,0,0,0,0.11,0.14,5,2,1,0,3,325,80.0,3,24,14,32,17,2,35,46,2,14,3,0,0,0.0,0.0,0.0,0.01,0.01,0.48,0.19,0.29,0.29,2.32,1.35,3.09,3.38,0.19,1.35,0.29,0.0
981355,266694,Martín Garnerone,Estudiantes de Río Cuarto,Delantero,28,19,1010,6.67,2,0,2,0,0.71,0.09,22,6,12,1,14,303,78.22,15,10,5,45,7,4,46,64,12,12,2,0,0,0.18,0.0,0.18,0.06,0.01,1.96,0.53,1.25,1.34,0.89,0.45,4.01,4.1,1.07,1.07,0.18,0.0
797030,3210,Gabriel Báez,CA Talleres,Defensor,31,15,1128,6.67,0,0,0,0,0.22,0.98,10,2,6,1,16,536,80.41,7,22,9,54,33,2,49,38,5,7,1,0,1,0.0,0.0,0.0,0.02,0.08,0.8,0.16,1.28,0.56,1.76,0.72,4.31,3.91,0.4,0.56,0.08,0.0
249407,3201,Luciano Vietto,San Lorenzo,Delantero,32,11,481,6.67,2,0,2,0,,,12,6,4,0,8,179,77.65,5,8,2,17,6,2,17,32,4,8,4,0,0,0.37,0.0,0.37,,,2.25,1.12,1.5,0.94,1.5,0.37,3.18,3.18,0.75,1.5,0.75,0.0
1468162,188441,Nahuel Barboza,Gimnasia y Esgrima Mendoza,Mediocampista,27,18,739,6.67,0,0,0,0,,0.05,1,0,0,0,5,392,87.5,1,10,16,48,13,1,25,40,8,17,3,0,0,0.0,0.0,0.0,,0.01,0.12,0.0,0.61,0.12,1.22,1.95,5.85,3.04,0.97,2.07,0.37,0.0
583978,36842,Ezequiel Bonifacio,Independiente Rivadavia,Defensor,32,14,673,6.67,0,1,1,0,0.32,0.04,6,1,4,1,3,175,77.14,1,19,3,27,18,1,28,30,4,12,3,0,0,0.0,0.13,0.13,0.04,0.01,0.8,0.13,0.4,0.13,2.54,0.4,3.61,3.74,0.53,1.6,0.4,0.0
896806,3215,Agustín García Basso,Racing Club,Defensor,34,7,521,6.67,0,0,0,0,,,3,0,2,0,3,367,84.2,2,6,11,22,16,1,24,18,1,8,2,1,0,0.0,0.0,0.0,,,0.52,0.0,0.52,0.35,1.04,1.9,3.8,4.15,0.17,1.38,0.35,0.17
941093,36842,Alex Vigo,Independiente Rivadavia,Defensor,27,15,664,6.67,0,0,0,0,0.41,0.05,3,1,2,0,3,231,84.42,2,18,14,41,26,0,36,28,4,11,4,0,0,0.0,0.0,0.0,0.06,0.01,0.41,0.14,0.41,0.27,2.44,1.9,5.56,4.88,0.54,1.49,0.54,0.0
588410,36839,Leandro Fernández,Defensa y Justicia,Delantero,35,17,858,6.67,3,1,4,0,2.28,0.87,29,10,11,3,16,232,56.9,13,8,2,31,10,8,39,49,10,14,3,0,0,0.31,0.1,0.42,0.24,0.09,3.04,1.05,1.68,1.36,0.84,0.21,3.25,4.09,1.05,1.47,0.31,0.0
896798,42338,Yair Arismendi,Sarmiento,Mediocampista,28,10,596,6.67,0,0,0,0,,,8,0,4,2,5,148,67.57,8,8,5,23,26,4,35,27,15,9,3,0,0,0.0,0.0,0.0,,,1.21,0.0,0.76,1.21,1.21,0.76,3.47,5.29,2.27,1.36,0.45,0.0
1958558,3219,Santiago Esquivel,Banfield,Mediocampista,22,16,828,6.67,0,0,0,0,,0.46,4,0,3,1,6,314,81.85,7,31,19,55,14,1,53,71,6,17,2,1,0,0.0,0.0,0.0,,0.05,0.43,0.0,0.65,0.76,3.37,2.07,5.98,5.76,0.65,1.85,0.22,0.11
1482391,7628,Santiago López,Tigre,Mediocampista,20,25,1603,6.67,1,2,3,0,1.29,1.05,29,8,11,5,29,462,70.78,40,52,10,107,6,10,141,186,39,37,5,0,0,0.06,0.11,0.17,0.07,0.06,1.63,0.45,1.63,2.25,2.92,0.56,6.01,7.92,2.19,2.08,0.28,0.0
1836754,3206,Fabricio Pérez,Estudiantes de La Plata,Mediocampista,20,22,1182,6.67,3,0,3,0,1.05,0.16,26,13,7,2,14,291,78.01,21,22,7,52,8,6,67,90,16,21,3,0,0,0.23,0.0,0.23,0.08,0.01,1.98,0.99,1.07,1.6,1.68,0.53,3.96,5.1,1.22,1.6,0.23,0.0
584038,65668,Rafael Barrios,Barracas Central,Defensor,33,18,1168,6.67,0,0,0,0,0.05,0.22,2,0,2,1,8,381,70.87,9,30,22,74,26,0,68,71,12,23,2,0,0,0.0,0.0,0.0,0.0,0.02,0.15,0.0,0.62,0.69,2.31,1.7,5.7,5.24,0.92,1.77,0.15,0.0
2188350,3201,Facundo Gulli,San Lorenzo,Mediocampista,21,23,1111,6.66,0,3,3,0,0.14,0.38,15,7,5,2,12,445,80.67,24,13,5,53,5,3,55,78,14,11,4,0,0,0.0,0.24,0.24,0.01,0.03,1.22,0.57,0.97,1.94,1.05,0.41,4.29,4.46,1.13,0.89,0.32,0.0
871804,3204,Mauro Luna,Club Atlético Unión de Santa Fe,Mediocampista,27,8,300,6.66,0,1,1,0,0.09,0.62,3,1,1,1,5,125,76.8,3,9,2,24,6,1,21,27,5,4,0,0,0,0.0,0.3,0.3,0.03,0.19,0.9,0.3,1.5,0.9,2.7,0.6,7.2,6.3,1.5,1.2,0.0,0.0
988953,36836,Elías López,Aldosivi,Defensor,26,8,492,6.66,0,0,0,0,0.1,0.44,4,1,3,1,7,191,71.73,3,14,5,37,26,0,24,12,5,3,1,0,0,0.0,0.0,0.0,0.02,0.08,0.73,0.18,1.28,0.55,2.56,0.91,6.77,4.39,0.91,0.55,0.18,0.0
895232,36837,Guido Mainero,Club Atlético Platense,Mediocampista,31,25,1748,6.66,2,0,2,0,0.98,0.84,21,8,10,2,21,551,68.6,18,19,8,106,23,3,76,101,22,20,4,0,0,0.1,0.0,0.1,0.05,0.04,1.08,0.41,1.08,0.93,0.98,0.41,5.46,3.91,1.13,1.03,0.21,0.0
897138,36836,Roberto Bochi,Aldosivi,Mediocampista,39,10,675,6.66,0,0,0,0,,,2,0,2,0,4,268,80.97,2,23,9,32,20,0,35,37,1,10,3,0,0,0.0,0.0,0.0,,,0.27,0.0,0.53,0.27,3.07,1.2,4.27,4.67,0.13,1.33,0.4,0.0
249137,42338,Diego Churin,Sarmiento,Delantero,36,22,856,6.66,2,0,2,1,0.7,0.13,18,6,8,0,9,252,63.49,9,16,1,29,21,4,95,76,16,18,2,1,0,0.21,0.0,0.21,0.07,0.01,1.89,0.63,0.95,0.95,1.68,0.11,3.05,9.99,1.68,1.89,0.21,0.11
33202,189723,Carlos Quintana,Deportivo Riestra,Defensor,38,13,756,6.66,0,2,2,0,0.36,0.32,6,1,4,2,3,170,65.88,3,9,8,13,48,1,40,26,7,12,4,0,0,0.0,0.24,0.24,0.04,0.04,0.71,0.12,0.36,0.36,1.07,0.95,1.55,4.76,0.83,1.43,0.48,0.0
1885940,3210,Valentin Davila,CA Talleres,Delantero,19,24,750,6.66,4,0,4,0,0.63,0.08,24,14,8,1,10,153,63.4,5,12,0,23,17,2,56,66,15,17,0,0,0,0.48,0.0,0.48,0.08,0.01,2.88,1.68,1.2,0.6,1.44,0.0,2.76,6.72,1.8,2.04,0.0,0.0
1190570,65668,Nicolas Capraro,Barracas Central,Defensor,28,18,1135,6.66,0,0,0,0,,0.02,4,3,1,0,3,343,79.01,4,25,16,50,66,0,50,49,6,19,2,0,0,0.0,0.0,0.0,,0.0,0.32,0.24,0.24,0.32,1.98,1.27,3.96,3.96,0.48,1.51,0.16,0.0
927308,3211,Facundo Colidio,River Plate,Delantero,26,19,1294,6.66,5,3,8,1,2.56,1.06,32,15,12,2,25,381,72.44,13,11,3,47,6,5,65,103,32,18,2,1,0,0.35,0.21,0.56,0.18,0.07,2.23,1.04,1.74,0.9,0.77,0.21,3.27,4.52,2.23,1.25,0.14,0.07
1117117,188441,Tomás O'Connor,Gimnasia y Esgrima Mendoza,Mediocampista,22,9,389,6.66,0,2,2,0,0.28,0.19,4,1,3,2,6,207,83.57,3,10,8,30,3,0,23,30,8,9,1,0,0,0.0,0.46,0.46,0.06,0.04,0.93,0.23,1.39,0.69,2.31,1.85,6.94,5.32,1.85,2.08,0.23,0.0
881165,3205,Marcelo Torres,Gimnasia y Esgrima,Delantero,28,22,1501,6.65,7,1,8,3,2.71,0.15,27,15,6,2,12,296,78.38,5,7,3,29,4,6,30,55,8,21,1,0,0,0.42,0.06,0.48,0.16,0.01,1.62,0.9,0.72,0.3,0.42,0.18,1.74,1.8,0.48,1.26,0.06,0.0
146982,36836,Lucas Rodríguez,Aldosivi,Defensor,33,11,722,6.65,0,1,1,0,,,6,1,3,1,13,238,69.33,5,17,7,33,17,2,35,30,9,8,1,0,0,0.0,0.12,0.12,,,0.75,0.12,1.62,0.62,2.12,0.87,4.11,4.36,1.12,1.0,0.12,0.0
2173803,3211,Joaquín Freitas,River Plate,Delantero,19,20,1089,6.65,1,2,3,0,0.39,0.8,20,5,9,6,24,336,75.3,18,17,3,47,5,6,61,106,19,29,2,0,0,0.08,0.17,0.25,0.03,0.07,1.65,0.41,1.98,1.49,1.4,0.25,3.88,5.04,1.57,2.4,0.17,0.0
249347,42338,Pablo Magnin,Sarmiento,Delantero,36,9,372,6.65,1,1,2,0,0.17,0.31,3,2,1,1,2,73,69.86,0,3,1,14,3,0,12,19,6,4,0,0,0,0.24,0.24,0.48,0.04,0.08,0.73,0.48,0.48,0.0,0.73,0.24,3.39,2.9,1.45,0.97,0.0,0.0
1201019,188441,Luciano Paredes,Gimnasia y Esgrima Mendoza,Defensor,24,22,1498,6.65,1,0,1,0,0.2,0.9,13,3,8,2,8,526,67.49,15,32,21,79,61,2,79,77,9,14,1,0,1,0.06,0.0,0.06,0.01,0.05,0.78,0.18,0.48,0.9,1.92,1.26,4.75,4.75,0.54,0.84,0.06,0.0
2073882,3203,Álvaro Ocampo,Club Atlético Belgrano,Defensor,22,9,349,6.65,0,0,0,0,,0.0,0,0,0,0,2,129,62.79,1,6,1,21,22,0,11,11,0,3,0,0,0,0.0,0.0,0.0,,0.0,0.0,0.0,0.52,0.26,1.55,0.26,5.42,2.84,0.0,0.77,0.0,0.0
895321,36836,Nicolás Linares,Aldosivi,Mediocampista,30,10,806,6.65,0,0,0,0,,0.02,3,2,0,0,1,303,77.89,4,17,14,35,20,1,35,50,3,19,2,0,0,0.0,0.0,0.0,,0.0,0.33,0.22,0.11,0.45,1.9,1.56,3.91,3.91,0.33,2.12,0.22,0.0
1119704,65676,Tiago Cravero,Central Córdoba,Mediocampista,23,17,828,6.65,0,0,0,0,,0.03,3,0,3,0,1,317,75.71,1,27,26,38,22,0,48,37,8,13,2,0,0,0.0,0.0,0.0,,0.0,0.33,0.0,0.11,0.11,2.93,2.83,4.13,5.22,0.87,1.41,0.22,0.0
1485237,3212,Lucas Gómez,Newell's Old Boys,Mediocampista,22,14,377,6.65,0,0,0,0,0.03,0.04,2,1,1,0,2,203,83.74,0,13,3,29,8,0,23,13,8,9,1,0,0,0.0,0.0,0.0,0.01,0.01,0.48,0.24,0.48,0.0,3.1,0.72,6.92,5.49,1.91,2.15,0.24,0.0
1894553,36837,Felipe Bussio,Club Atlético Platense,Mediocampista,22,12,592,6.65,0,0,0,0,0.02,0.01,3,0,3,0,3,217,68.66,2,16,13,27,21,0,36,36,3,13,2,0,0,0.0,0.0,0.0,0.0,0.0,0.46,0.0,0.46,0.3,2.43,1.98,4.1,5.47,0.46,1.98,0.3,0.0
2163574,3216,Facundo Jainikoski,Argentinos Juniors,Delantero,18,23,919,6.65,1,2,3,0,1.52,0.88,25,6,11,2,13,222,75.68,18,18,4,54,2,8,72,94,35,11,0,0,0,0.1,0.2,0.29,0.15,0.09,2.45,0.59,1.27,1.76,1.76,0.39,5.29,7.05,3.43,1.08,0.0,0.0
1177545,36842,Leonard Costa,Independiente Rivadavia,Defensor,28,24,1784,6.65,1,1,2,0,0.08,0.06,9,1,5,1,3,610,79.67,0,19,22,73,94,3,66,55,9,10,2,0,0,0.05,0.05,0.1,0.0,0.0,0.45,0.05,0.15,0.0,0.96,1.11,3.68,3.33,0.45,0.5,0.1,0.0
860051,36836,Nicolás Cordero,Aldosivi,Delantero,27,21,1233,6.65,2,0,2,0,1.09,0.08,34,10,13,1,15,327,60.86,5,22,4,29,11,11,138,132,11,28,1,0,0,0.15,0.0,0.15,0.08,0.01,2.48,0.73,1.09,0.36,1.61,0.29,2.12,10.07,0.8,2.04,0.07,0.0
1649317,188441,Lautaro Carrera,Gimnasia y Esgrima Mendoza,Defensor,23,13,613,6.65,0,0,0,0,0.32,0.01,4,0,2,0,0,193,68.39,0,20,10,11,48,2,39,30,3,10,1,0,0,0.0,0.0,0.0,0.05,0.0,0.59,0.0,0.0,0.0,2.94,1.47,1.62,5.73,0.44,1.47,0.15,0.0
993929,36837,Agustín Lagos,Club Atlético Platense,Defensor,24,13,635,6.65,0,0,0,0,0.05,0.15,3,1,1,1,4,255,72.94,8,23,14,40,20,1,51,36,14,15,2,0,0,0.0,0.0,0.0,0.01,0.02,0.43,0.14,0.57,1.13,3.26,1.98,5.67,7.23,1.98,2.13,0.28,0.0
2016275,65668,Ivan Guaraz,Barracas Central,Mediocampista,21,11,476,6.65,0,0,0,0,,0.0,4,0,2,0,2,175,75.43,4,12,5,23,14,2,27,25,5,8,3,0,0,0.0,0.0,0.0,,0.0,0.76,0.0,0.38,0.76,2.27,0.95,4.35,5.11,0.95,1.51,0.57,0.0
2031183,36839,Samuel Lucero,Defensa y Justicia,Defensor,21,11,642,6.64,0,0,0,0,,0.01,2,0,2,0,3,222,77.48,5,11,12,16,35,0,39,29,7,6,1,0,0,0.0,0.0,0.0,,0.0,0.28,0.0,0.42,0.7,1.54,1.68,2.24,5.47,0.98,0.84,0.14,0.0
1835765,3203,Juan Velázquez,Club Atlético Belgrano,Mediocampista,21,16,882,6.64,0,0,0,0,0.09,1.02,6,0,2,2,10,347,78.1,4,21,14,48,8,4,39,36,7,4,1,0,0,0.0,0.0,0.0,0.01,0.1,0.61,0.0,1.02,0.41,2.14,1.43,4.9,3.98,0.71,0.41,0.1,0.0
2110706,7629,Facundo Kalinger,Huracán,Mediocampista,21,16,834,6.64,0,1,1,0,1.15,0.29,15,6,6,1,8,273,81.32,6,23,11,38,8,3,53,69,19,15,1,0,0,0.0,0.11,0.11,0.12,0.03,1.62,0.65,0.86,0.65,2.48,1.19,4.1,5.72,2.05,1.62,0.11,0.0
943166,3204,Marcelo Estigarribia,Club Atlético Unión de Santa Fe,Delantero,31,26,1864,6.64,5,2,7,2,1.58,0.47,75,26,40,4,18,539,56.03,7,18,2,59,34,9,189,153,18,37,6,0,0,0.24,0.1,0.34,0.08,0.02,3.62,1.26,0.87,0.34,0.87,0.1,2.85,9.13,0.87,1.79,0.29,0.0
871580,3202,Adam Bareiro,Boca Juniors,Delantero,30,10,701,6.64,3,1,4,0,0.11,0.0,19,10,7,0,7,172,74.42,1,12,1,11,16,2,59,66,15,17,4,0,0,0.39,0.13,0.51,0.01,0.0,2.44,1.28,0.9,0.13,1.54,0.13,1.41,7.57,1.93,2.18,0.51,0.0
1065937,3210,Agustín Álvarez,CA Talleres,Delantero,25,5,326,6.64,2,1,3,1,2.71,0.17,14,6,6,1,5,81,72.84,0,3,0,9,3,2,18,29,4,2,0,1,0,0.55,0.28,0.83,0.75,0.05,3.87,1.66,1.38,0.0,0.83,0.0,2.48,4.97,1.1,0.55,0.0,0.28
975704,42338,Carlos Villalba,Sarmiento,Mediocampista,28,11,531,6.64,1,0,1,0,,,11,7,0,0,2,136,76.47,0,8,13,15,10,4,26,34,6,12,4,0,0,0.17,0.0,0.17,,,1.86,1.19,0.34,0.0,1.36,2.2,2.54,4.41,1.02,2.03,0.68,0.0
944655,266694,Renzo Bacchia,Estudiantes de Río Cuarto,Portero,27,5,450,6.64,0,0,0,0,,,0,0,0,0,1,105,36.19,0,0,0,33,7,0,1,1,0,1,2,0,0,0.0,0.0,0.0,,,0.0,0.0,0.2,0.0,0.0,0.0,6.6,0.2,0.0,0.2,0.4,0.0
2037740,3201,Juan Rattalino,San Lorenzo,Mediocampista,22,11,381,6.64,0,0,0,0,0.16,0.37,3,0,1,0,4,191,78.53,1,10,6,20,11,2,22,22,4,3,0,0,0,0.0,0.0,0.0,0.04,0.09,0.71,0.0,0.94,0.24,2.36,1.42,4.72,5.2,0.94,0.71,0.0,0.0
850023,3211,Fabricio Bustos,River Plate,Defensor,30,6,390,6.64,0,0,0,0,0.12,0.15,4,0,3,0,2,225,79.11,0,10,5,14,11,1,13,9,3,3,1,0,0,0.0,0.0,0.0,0.03,0.03,0.92,0.0,0.46,0.0,2.31,1.15,3.23,3.0,0.69,0.69,0.23,0.0
1018414,3201,Gregorio Rodriguez,San Lorenzo,Mediocampista,26,14,578,6.64,2,1,3,0,0.13,0.36,6,3,3,1,3,132,78.03,5,19,7,30,5,0,27,44,2,8,0,0,0,0.31,0.16,0.47,0.02,0.06,0.93,0.47,0.47,0.78,2.96,1.09,4.67,4.2,0.31,1.25,0.0,0.0
2445396,3204,Lucas Ayala,Club Atlético Unión de Santa Fe,Defensor,19,8,661,6.64,0,1,1,0,0.05,0.28,3,0,1,0,6,187,79.14,2,21,13,28,10,2,37,33,6,7,1,0,0,0.0,0.14,0.14,0.01,0.04,0.41,0.0,0.82,0.27,2.86,1.77,3.81,5.04,0.82,0.95,0.14,0.0
1199246,36842,Rodrigo Atencio,Independiente Rivadavia,Delantero,24,20,883,6.64,0,4,4,0,0.15,0.7,16,2,7,5,17,408,82.84,15,8,1,55,1,7,38,67,10,9,0,0,0,0.0,0.41,0.41,0.02,0.07,1.63,0.2,1.73,1.53,0.82,0.1,5.61,3.87,1.02,0.92,0.0,0.0
986257,42338,Jonatan Gómez,Sarmiento,Mediocampista,36,12,506,6.64,1,1,2,0,0.12,0.0,14,4,4,1,7,188,80.32,1,6,2,26,10,6,24,39,13,4,1,0,0,0.18,0.18,0.36,0.02,0.0,2.49,0.71,1.25,0.18,1.07,0.36,4.62,4.27,2.31,0.71,0.18,0.0
883933,36842,Maximiliano Salas,Independiente Rivadavia,Delantero,28,20,821,6.64,1,0,1,0,0.9,0.95,29,10,13,3,13,259,72.2,11,9,2,38,11,6,39,59,9,17,4,0,0,0.11,0.0,0.11,0.1,0.1,3.18,1.1,1.43,1.21,0.99,0.22,4.17,4.28,0.99,1.86,0.44,0.0
257587,3203,Emiliano Rigoni,Club Atlético Belgrano,Mediocampista,33,27,2207,6.63,2,3,5,0,2.11,1.25,34,12,14,3,35,566,77.03,27,21,13,92,23,8,86,130,8,25,2,1,0,0.08,0.12,0.2,0.09,0.05,1.39,0.49,1.43,1.1,0.86,0.53,3.75,3.51,0.33,1.02,0.08,0.04
944621,36833,Gabriel Compagnucci,Atlético Tucumán,Mediocampista,35,16,419,6.63,0,2,2,0,,0.6,9,0,5,3,10,175,71.43,4,3,6,25,1,4,18,14,5,2,1,0,0,0.0,0.43,0.43,,0.13,1.93,0.0,2.15,0.86,0.64,1.29,5.37,3.87,1.07,0.43,0.21,0.0
2017601,3204,Emilio Giaccone,Club Atlético Unión de Santa Fe,Mediocampista,21,9,467,6.63,0,1,1,0,0.6,0.11,7,1,5,0,2,178,79.21,5,13,6,32,10,1,25,34,2,9,2,0,0,0.0,0.19,0.19,0.12,0.02,1.35,0.19,0.39,0.96,2.51,1.16,6.17,4.82,0.39,1.73,0.39,0.0
1537841,188441,Julian Ceballos,Gimnasia y Esgrima Mendoza,Mediocampista,22,12,701,6.63,0,1,1,0,0.27,0.05,10,2,3,1,5,266,82.33,8,24,8,41,8,5,38,50,4,13,2,0,0,0.0,0.13,0.13,0.03,0.01,1.28,0.26,0.64,1.03,3.08,1.03,5.26,4.88,0.51,1.67,0.26,0.0
1836915,3218,Agustín Medina,CA Lanús,Mediocampista,19,21,1021,6.63,0,0,0,0,0.04,0.09,8,1,2,0,7,663,79.79,10,32,14,71,12,5,58,77,7,29,6,0,0,0.0,0.0,0.0,0.0,0.01,0.71,0.09,0.62,0.88,2.82,1.23,6.26,5.11,0.62,2.56,0.53,0.0
1177402,3209,Matías Abaldo,CA Independiente,Mediocampista,22,26,1832,6.63,5,3,8,0,1.51,1.38,33,16,8,5,26,568,73.77,27,15,4,65,9,9,60,139,11,18,3,1,0,0.25,0.15,0.39,0.07,0.07,1.62,0.79,1.28,1.33,0.74,0.2,3.19,2.95,0.54,0.88,0.15,0.05
940689,3210,Augusto Schott,CA Talleres,Defensor,26,26,2222,6.63,3,0,3,0,0.47,0.61,21,7,11,1,13,837,73.84,4,50,25,64,82,3,109,94,15,24,7,0,0,0.12,0.0,0.12,0.02,0.02,0.85,0.28,0.53,0.16,2.03,1.01,2.59,4.41,0.61,0.97,0.28,0.0
951244,189723,Alexander Díaz,Deportivo Riestra,Delantero,26,20,1215,6.63,2,0,2,0,0.83,0.75,20,8,5,1,17,274,62.41,8,17,3,55,2,7,88,127,39,27,1,0,0,0.15,0.0,0.15,0.06,0.06,1.48,0.59,1.26,0.59,1.26,0.22,4.07,6.52,2.89,2.0,0.07,0.0
2123031,36842,Fabrizio Sartori,Independiente Rivadavia,Delantero,24,24,1710,6.63,8,0,8,0,1.74,0.42,37,16,12,2,11,218,72.94,18,6,5,40,8,9,64,140,18,30,2,0,0,0.42,0.0,0.42,0.09,0.02,1.95,0.84,0.58,0.95,0.32,0.26,2.11,3.37,0.95,1.58,0.11,0.0
935094,36833,Ramiro Ruiz Rodríguez,Atlético Tucumán,Delantero,26,14,519,6.63,1,1,2,0,1.95,0.31,14,3,7,1,6,121,57.02,5,6,2,21,7,4,36,40,4,7,0,0,0,0.17,0.17,0.35,0.34,0.05,2.43,0.52,1.04,0.87,1.04,0.35,3.64,6.24,0.69,1.21,0.0,0.0
2192258,65676,Alan Laprida,Central Córdoba,Delantero,21,11,419,6.63,0,0,0,0,,0.02,2,0,1,0,3,118,76.27,21,8,1,24,1,1,50,49,19,10,1,0,0,0.0,0.0,0.0,,0.0,0.43,0.0,0.64,4.51,1.72,0.21,5.16,10.74,4.08,2.15,0.21,0.0
1084962,3206,Brian Aguirre,Estudiantes de La Plata,Mediocampista,23,19,698,6.63,1,2,3,0,0.25,0.18,19,8,7,3,8,169,75.15,17,7,4,19,3,4,38,56,7,19,2,0,0,0.13,0.26,0.39,0.03,0.02,2.45,1.03,1.03,2.19,0.9,0.52,2.45,4.9,0.9,2.45,0.26,0.0
581804,3203,Nicolás Fernández,Club Atlético Belgrano,Delantero,30,27,1520,6.63,6,4,10,1,5.69,0.34,61,27,21,1,14,412,75.97,10,18,2,36,2,13,51,81,14,11,2,0,0,0.36,0.24,0.59,0.34,0.02,3.61,1.6,0.83,0.59,1.07,0.12,2.13,3.02,0.83,0.65,0.12,0.0
961647,4937,Jhon Córdoba,Instituto De Córdoba,Delantero,26,22,1423,6.62,1,0,1,0,1.42,0.53,23,10,8,4,14,233,63.52,5,33,7,62,15,5,73,118,17,35,3,0,0,0.06,0.0,0.06,0.09,0.03,1.45,0.63,0.89,0.32,2.09,0.44,3.92,4.62,1.08,2.21,0.19,0.0
1104325,36837,Juan Ignacio Saborido,Club Atlético Platense,Defensor,28,22,1779,6.62,0,0,0,0,0.36,0.1,22,4,13,1,10,547,69.84,13,49,17,80,53,5,96,112,13,17,1,0,0,0.0,0.0,0.0,0.02,0.01,1.11,0.2,0.51,0.66,2.48,0.86,4.05,4.86,0.66,0.86,0.05,0.0
1020523,36839,Lucas Souto,Defensa y Justicia,Defensor,27,18,1499,6.62,1,0,1,0,0.36,0.16,7,2,4,0,1,645,80.93,8,19,38,55,110,1,76,74,6,18,1,1,0,0.06,0.0,0.06,0.02,0.01,0.42,0.12,0.06,0.48,1.14,2.28,3.3,4.56,0.36,1.08,0.06,0.06
1201515,3206,Baltasar Rodriguez,Estudiantes de La Plata,Mediocampista,23,18,911,6.62,0,1,1,0,0.41,0.32,20,3,9,0,10,323,77.09,17,25,11,65,8,8,67,78,19,31,6,0,0,0.0,0.1,0.1,0.04,0.03,1.98,0.3,0.99,1.68,2.47,1.09,6.42,6.62,1.88,3.06,0.59,0.0
1201525,3201,Mauricio Cardillo,San Lorenzo,Mediocampista,23,9,304,6.62,0,0,0,0,0.21,0.03,4,2,1,0,0,137,77.37,3,6,6,21,5,1,16,12,3,3,0,0,0,0.0,0.0,0.0,0.06,0.01,1.18,0.59,0.0,0.89,1.78,1.78,6.22,4.74,0.89,0.89,0.0,0.0
1093119,3205,Agustín Colazo,Gimnasia y Esgrima,Delantero,25,14,505,6.62,3,0,3,0,0.78,0.14,12,6,5,0,6,122,65.57,5,8,0,10,5,1,37,50,2,7,1,0,0,0.53,0.0,0.53,0.14,0.02,2.14,1.07,1.07,0.89,1.43,0.0,1.78,6.59,0.36,1.25,0.18,0.0
1218016,3212,Walter Nuñez,Newell's Old Boys,Delantero,23,19,907,6.62,1,1,2,0,0.06,0.02,17,4,11,4,12,204,75.98,21,23,5,57,7,2,69,108,14,18,2,0,0,0.1,0.1,0.2,0.01,0.0,1.69,0.4,1.19,2.08,2.28,0.5,5.66,6.85,1.39,1.79,0.2,0.0
833194,3216,Tomás Molina,Argentinos Juniors,Delantero,31,24,1926,6.62,5,3,8,0,3.26,0.99,54,22,25,5,21,389,67.35,19,19,7,62,18,7,154,196,22,24,4,0,0,0.23,0.14,0.37,0.15,0.05,2.52,1.03,0.98,0.89,0.89,0.33,2.9,7.2,1.03,1.12,0.19,0.0
978882,36836,Rodrigo González,Aldosivi,Defensor,26,20,1398,6.62,0,1,1,0,0.2,0.28,10,3,4,1,17,375,60.53,21,36,11,94,41,3,84,88,10,29,6,0,0,0.0,0.06,0.06,0.01,0.02,0.64,0.19,1.09,1.35,2.32,0.71,6.05,5.41,0.64,1.87,0.39,0.0
830586,189723,Matias Garcia,Deportivo Riestra,Mediocampista,30,10,525,6.62,0,0,0,0,,,2,0,1,0,4,165,64.85,0,14,7,36,7,1,35,32,6,12,3,0,0,0.0,0.0,0.0,,,0.34,0.0,0.69,0.0,2.4,1.2,6.17,6.0,1.03,2.06,0.51,0.0
1067815,3212,Rodrigo Herrera,Newell's Old Boys,Mediocampista,26,21,1410,6.62,0,0,0,0,0.39,0.07,13,1,7,1,10,451,73.61,8,43,14,84,39,5,91,107,12,37,3,0,0,0.0,0.0,0.0,0.02,0.0,0.83,0.06,0.64,0.51,2.74,0.89,5.36,5.81,0.77,2.36,0.19,0.0
1117093,3219,Nicolás Meriano,Banfield,Defensor,25,22,1654,6.62,0,0,0,0,0.81,0.42,13,4,6,2,5,604,70.7,4,23,42,63,129,3,82,61,4,14,3,2,0,0.0,0.0,0.0,0.04,0.02,0.71,0.22,0.27,0.22,1.25,2.29,3.43,4.46,0.22,0.76,0.16,0.11
897088,189723,Nicolás Sansotre,Deportivo Riestra,Defensor,33,23,2027,6.62,0,1,1,0,,1.08,4,0,1,3,16,446,60.31,1,24,18,63,83,3,62,50,0,14,1,0,0,0.0,0.04,0.04,,0.05,0.18,0.0,0.71,0.04,1.07,0.8,2.8,2.75,0.0,0.62,0.04,0.0
982647,3219,Alexander Machado,Banfield,Mediocampista,24,6,460,6.62,1,0,1,0,1.1,0.23,9,3,3,0,4,72,58.33,0,4,1,4,6,3,20,31,2,3,0,0,0,0.2,0.0,0.2,0.22,0.04,1.76,0.59,0.78,0.0,0.78,0.2,0.78,3.91,0.39,0.59,0.0,0.0
1482422,3202,Dylan Gorosito,Boca Juniors,Defensor,20,6,455,6.62,0,2,2,0,0.05,1.34,2,0,1,3,3,179,75.42,10,13,10,24,11,1,30,34,4,5,1,0,0,0.0,0.4,0.4,0.01,0.27,0.4,0.0,0.59,1.98,2.57,1.98,4.75,5.93,0.79,0.99,0.2,0.0
981338,7629,Federico Vera,Huracán,Defensor,28,6,450,6.62,0,0,0,0,,,1,0,1,0,2,136,70.59,2,16,10,16,12,0,31,30,7,9,1,0,0,0.0,0.0,0.0,,,0.2,0.0,0.4,0.4,3.2,2.0,3.2,6.2,1.4,1.8,0.2,0.0
1462243,65676,Diego Barrera,Central Córdoba,Delantero,22,25,1881,6.62,3,0,3,0,1.79,0.52,35,13,12,0,23,446,73.77,28,34,9,107,19,10,104,137,20,21,5,0,0,0.14,0.0,0.14,0.09,0.02,1.67,0.62,1.1,1.34,1.63,0.43,5.12,4.98,0.96,1.0,0.24,0.0
333593,36836,Federico Gino,Aldosivi,Mediocampista,33,13,1029,6.62,2,0,2,1,,,16,3,8,0,3,407,77.64,1,24,7,48,17,5,47,54,10,21,6,0,0,0.17,0.0,0.17,,,1.4,0.26,0.26,0.09,2.1,0.61,4.2,4.11,0.87,1.84,0.52,0.0
947210,65676,Leonardo Marchi,Central Córdoba,Defensor,30,8,322,6.61,0,0,0,0,,0.2,0,0,0,0,3,99,68.69,3,8,4,11,9,0,14,15,0,4,2,0,0,0.0,0.0,0.0,,0.06,0.0,0.0,0.84,0.84,2.24,1.12,3.07,3.91,0.0,1.12,0.56,0.0
1018412,3218,Franco Watson,CA Lanús,Mediocampista,24,17,749,6.61,0,0,0,0,1.23,0.9,19,6,8,1,13,348,87.07,5,11,2,34,4,5,42,49,16,9,1,0,0,0.0,0.0,0.0,0.15,0.11,2.28,0.72,1.56,0.6,1.32,0.24,4.09,5.05,1.92,1.08,0.12,0.0
1017433,3215,Gastón Martirena,Racing Club,Defensor,26,8,553,6.61,0,0,0,0,0.07,0.13,6,1,5,2,5,180,76.11,3,11,8,22,6,0,22,31,5,7,0,0,0,0.0,0.0,0.0,0.01,0.02,0.98,0.16,0.81,0.49,1.79,1.3,3.58,3.58,0.81,1.14,0.0,0.0
1151708,36836,Blas Agustín Palavecino,Aldosivi,Mediocampista,23,19,1047,6.61,0,0,0,0,0.09,0.02,18,4,11,2,8,256,69.53,20,17,11,46,10,3,92,91,27,17,5,0,0,0.0,0.0,0.0,0.01,0.0,1.55,0.34,0.69,1.72,1.46,0.95,3.95,7.91,2.32,1.46,0.43,0.0
2117907,42338,Jhon Renteria,Sarmiento,Mediocampista,20,10,442,6.61,0,1,1,0,0.09,0.01,11,5,3,1,5,116,75.86,21,7,0,33,1,3,50,53,17,4,3,0,0,0.0,0.2,0.2,0.02,0.0,2.24,1.02,1.02,4.28,1.43,0.0,6.72,10.18,3.46,0.81,0.61,0.0
846503,3218,Matías Sepúlveda,CA Lanús,Mediocampista,27,22,900,6.61,0,2,2,0,0.36,1.59,15,3,8,5,28,382,80.63,7,13,11,46,18,4,56,63,23,14,4,0,0,0.0,0.2,0.2,0.04,0.16,1.5,0.3,2.8,0.7,1.3,1.1,4.6,5.6,2.3,1.4,0.4,0.0
1066556,3217,Agustín Sández,Rosario Central,Defensor,25,23,1674,6.61,0,1,1,0,0.61,0.17,16,5,9,1,15,639,80.13,4,34,23,66,56,2,73,80,9,26,7,0,0,0.0,0.05,0.05,0.03,0.01,0.86,0.27,0.81,0.22,1.83,1.24,3.55,3.92,0.48,1.4,0.38,0.0
1187055,189723,Tomás Gonzalez,Deportivo Riestra,Mediocampista,23,12,462,6.61,2,0,2,0,1.15,0.52,14,4,7,1,7,123,59.35,6,10,0,16,5,3,45,69,6,5,0,0,0,0.39,0.0,0.39,0.22,0.1,2.73,0.78,1.36,1.17,1.95,0.0,3.12,8.77,1.17,0.97,0.0,0.0
1201391,7628,Elías Cabrera,Tigre,Mediocampista,23,13,716,6.61,0,0,0,0,0.33,0.75,19,5,8,3,15,246,77.24,6,13,6,36,5,6,42,54,17,9,2,0,0,0.0,0.0,0.0,0.04,0.09,2.39,0.63,1.89,0.75,1.63,0.75,4.53,5.28,2.14,1.13,0.25,0.0
38106,65668,Damián Martínez,Barracas Central,Defensor,36,14,728,6.61,1,0,1,0,0.07,0.21,7,1,4,1,6,204,64.22,1,15,7,37,17,2,24,37,5,11,2,0,0,0.12,0.0,0.12,0.01,0.03,0.87,0.12,0.74,0.12,1.85,0.87,4.57,2.97,0.62,1.36,0.25,0.0
989849,3208,Florián Monzón,Vélez Sarsfield,Delantero,25,16,1229,6.6,6,0,6,1,0.66,0.12,35,17,13,0,8,294,69.39,11,9,4,30,16,5,72,127,10,23,3,0,0,0.44,0.0,0.44,0.05,0.01,2.56,1.24,0.59,0.81,0.66,0.29,2.2,5.27,0.73,1.68,0.22,0.0
558816,3218,Walter Bou,CA Lanús,Delantero,33,12,617,6.6,2,0,2,1,0.39,0.04,12,5,3,3,5,186,73.66,2,9,4,27,10,4,20,40,3,9,2,0,0,0.29,0.0,0.29,0.06,0.01,1.75,0.73,0.73,0.29,1.31,0.58,3.94,2.92,0.44,1.31,0.29,0.0
893934,65676,Leonardo Sequeira,Central Córdoba,Delantero,31,16,467,6.6,1,2,3,1,1.5,0.47,16,1,8,3,9,119,63.87,2,10,4,16,7,7,34,56,9,4,2,0,0,0.19,0.39,0.58,0.29,0.09,3.08,0.19,1.73,0.39,1.93,0.77,3.08,6.55,1.73,0.77,0.39,0.0
1190287,188441,Franco Saavedra,Gimnasia y Esgrima Mendoza,Defensor,23,13,1030,6.6,0,1,1,0,,,10,1,4,2,12,370,69.73,11,19,14,54,38,5,56,56,18,18,2,2,0,0.0,0.09,0.09,,,0.87,0.09,1.05,0.96,1.66,1.22,4.72,4.89,1.57,1.57,0.17,0.17
1087089,3219,Lautaro Ríos,Banfield,Mediocampista,25,5,300,6.6,0,0,0,0,,,4,2,1,0,1,91,74.73,1,5,6,11,2,1,19,25,8,10,1,0,0,0.0,0.0,0.0,,,1.2,0.6,0.3,0.3,1.5,1.8,3.3,5.7,2.4,3.0,0.3,0.0
1179172,65676,Juan Cardozo,Central Córdoba,Mediocampista,22,10,521,6.6,0,0,0,0,,0.01,0,0,0,0,1,233,83.69,4,8,6,27,16,0,23,26,3,5,0,0,0,0.0,0.0,0.0,,0.0,0.0,0.0,0.17,0.69,1.38,1.04,4.66,3.97,0.52,0.86,0.0,0.0
1997214,3219,Brandon Oviedo,Banfield,Defensor,21,9,739,6.6,0,0,0,0,0.05,0.11,2,0,2,0,0,243,71.19,5,15,12,54,31,0,45,58,14,6,0,0,0,0.0,0.0,0.0,0.01,0.01,0.24,0.0,0.0,0.61,1.83,1.46,6.58,5.48,1.71,0.73,0.0,0.0
590036,3203,Federico Ricca,Club Atlético Belgrano,Defensor,31,13,858,6.6,0,0,0,0,0.05,0.04,5,1,1,1,4,342,77.78,5,16,10,26,26,3,51,33,11,7,1,1,0,0.0,0.0,0.0,0.01,0.0,0.52,0.1,0.42,0.52,1.68,1.05,2.73,5.35,1.15,0.73,0.1,0.1
1655111,7628,Tiago Serrago,Tigre,Mediocampista,22,20,988,6.6,1,0,1,0,0.15,0.16,15,4,9,2,7,233,68.67,13,18,6,49,9,2,46,80,10,21,1,0,0,0.09,0.0,0.09,0.01,0.01,1.37,0.36,0.64,1.18,1.64,0.55,4.46,4.19,0.91,1.91,0.09,0.0
579312,42338,Lucas Suárez,Sarmiento,Defensor,31,19,1325,6.59,1,0,1,0,0.36,0.18,9,4,4,3,9,354,66.67,8,37,21,46,67,1,78,85,12,19,3,0,1,0.07,0.0,0.07,0.02,0.01,0.61,0.27,0.61,0.54,2.51,1.43,3.12,5.3,0.82,1.29,0.2,0.0
340445,189723,Juan Randazzo,Deportivo Riestra,Defensor,31,12,931,6.59,0,0,0,0,,,3,1,2,0,3,187,56.68,2,9,14,19,57,0,39,45,8,20,3,0,0,0.0,0.0,0.0,,,0.29,0.1,0.29,0.19,0.87,1.35,1.84,3.77,0.77,1.93,0.29,0.0
1092353,3212,Nicolás Goitea,Newell's Old Boys,Defensor,29,12,1035,6.59,0,0,0,0,0.08,0.04,4,1,2,0,1,356,75.84,1,8,6,35,102,1,37,34,5,6,1,0,0,0.0,0.0,0.0,0.01,0.0,0.35,0.09,0.09,0.09,0.7,0.52,3.04,3.22,0.43,0.52,0.09,0.0
1464852,3204,Joaquin Mosqueira,Club Atlético Unión de Santa Fe,Mediocampista,22,12,427,6.59,1,1,2,0,0.23,0.05,9,2,5,1,4,158,74.05,2,4,8,17,11,2,15,20,1,7,1,0,0,0.21,0.21,0.42,0.05,0.01,1.9,0.42,0.84,0.42,0.84,1.69,3.58,3.16,0.21,1.48,0.21,0.0
884971,266694,Raúl Lozano,Estudiantes de Río Cuarto,Defensor,29,11,552,6.59,0,1,1,0,0.04,0.14,5,0,1,1,5,229,78.17,10,14,6,36,14,4,31,32,4,9,0,0,0,0.0,0.16,0.16,0.01,0.02,0.82,0.0,0.82,1.63,2.28,0.98,5.87,5.05,0.65,1.47,0.0,0.0
1110829,7629,Alejandro Martínez,Huracán,Mediocampista,29,12,411,6.59,0,0,0,0,,0.0,4,0,4,1,5,98,70.41,8,10,4,22,3,0,23,29,4,4,1,0,0,0.0,0.0,0.0,,0.0,0.88,0.0,1.09,1.75,2.19,0.88,4.82,5.04,0.88,0.88,0.22,0.0
922450,65668,Elías Pereyra,Barracas Central,Defensor,27,18,897,6.59,2,0,2,0,0.07,0.47,7,4,2,1,6,312,76.92,3,16,10,31,16,1,38,53,15,8,1,0,0,0.2,0.0,0.2,0.01,0.05,0.7,0.4,0.6,0.3,1.61,1.0,3.11,3.81,1.51,0.8,0.1,0.0
941402,42338,Renzo Orihuela,Sarmiento,Defensor,25,16,1395,6.59,1,0,1,0,0.77,0.09,8,4,3,0,3,428,71.96,1,28,24,32,93,1,78,64,17,20,2,0,0,0.06,0.0,0.06,0.05,0.01,0.52,0.26,0.19,0.06,1.81,1.55,2.06,5.03,1.1,1.29,0.13,0.0
1066573,3210,Mateo Caceres,CA Talleres,Mediocampista,24,15,668,6.59,0,0,0,0,,0.0,5,3,0,0,7,210,84.29,7,10,8,28,9,2,27,32,6,6,2,0,0,0.0,0.0,0.0,,0.0,0.67,0.4,0.94,0.94,1.35,1.08,3.77,3.64,0.81,0.81,0.27,0.0
1653801,188441,Ignacio Sabatini,Gimnasia y Esgrima Mendoza,Delantero,27,14,763,6.59,1,2,3,0,1.66,0.42,19,6,10,2,10,166,73.49,6,7,0,31,18,3,53,87,23,14,1,1,0,0.12,0.24,0.35,0.2,0.05,2.24,0.71,1.18,0.71,0.83,0.0,3.66,6.25,2.71,1.65,0.12,0.12
1835865,3216,Diego Porcel,Argentinos Juniors,Delantero,21,23,689,6.59,1,0,1,0,0.31,0.37,17,4,9,0,10,175,75.43,7,13,2,25,6,4,45,71,17,24,3,1,0,0.13,0.0,0.13,0.04,0.05,2.22,0.52,1.31,0.91,1.7,0.26,3.27,5.88,2.22,3.13,0.39,0.13
158625,7628,Ramón Arias,Tigre,Defensor,34,7,304,6.58,0,0,0,0,,,1,0,1,1,3,85,68.24,0,4,7,6,26,0,21,20,3,4,1,0,0,0.0,0.0,0.0,,,0.3,0.0,0.89,0.0,1.18,2.07,1.78,6.22,0.89,1.18,0.3,0.0
860045,3217,Enzo Copetti,Rosario Central,Delantero,30,25,1468,6.58,5,1,6,0,4.73,0.48,38,16,20,2,18,329,69.3,5,17,7,35,18,2,76,100,23,22,4,0,0,0.31,0.06,0.37,0.29,0.03,2.33,0.98,1.1,0.31,1.04,0.43,2.15,4.66,1.41,1.35,0.25,0.0
2082120,3215,Alejandro Tello,Racing Club,Mediocampista,18,5,327,6.58,0,1,1,0,0.36,0.25,5,2,1,1,5,106,84.91,3,4,3,12,3,2,11,11,0,2,1,0,0,0.0,0.28,0.28,0.1,0.07,1.38,0.55,1.38,0.83,1.1,0.83,3.3,3.03,0.0,0.55,0.28,0.0
897000,188441,Santiago Rodríguez,Gimnasia y Esgrima Mendoza,Delantero,29,14,670,6.58,1,1,2,0,0.24,0.02,16,3,6,1,6,160,71.88,8,5,1,25,4,7,31,60,15,8,1,0,0,0.13,0.13,0.27,0.03,0.0,2.15,0.4,0.81,1.07,0.67,0.13,3.36,4.16,2.01,1.07,0.13,0.0
609736,266694,Gabriel Alanís,Estudiantes de Río Cuarto,Mediocampista,32,23,1592,6.58,2,0,2,0,0.99,0.66,36,10,19,4,18,446,75.34,20,32,11,76,25,7,95,88,17,12,0,1,0,0.11,0.0,0.11,0.06,0.04,2.04,0.57,1.02,1.13,1.81,0.62,4.3,5.37,0.96,0.68,0.0,0.06
1639642,3205,Juan Cruz Cortazzo,Gimnasia y Esgrima,Defensor,20,12,406,6.58,0,0,0,0,0.29,0.03,5,0,2,0,0,158,70.25,0,3,6,11,52,3,22,17,0,4,1,0,0,0.0,0.0,0.0,0.06,0.01,1.11,0.0,0.0,0.0,0.67,1.33,2.44,4.88,0.0,0.89,0.22,0.0
2548355,3204,Tomás Fagioli,Club Atlético Unión de Santa Fe,Defensor,21,4,360,6.58,0,0,0,0,0.04,0.02,1,0,1,0,0,134,77.61,0,7,2,11,25,0,15,12,3,0,0,0,1,0.0,0.0,0.0,0.01,0.0,0.25,0.0,0.0,0.0,1.75,0.5,2.75,3.75,0.75,0.0,0.0,0.0
1410399,65668,Gonzalo Morales,Barracas Central,Delantero,23,12,625,6.57,2,0,2,0,0.29,0.0,14,5,7,0,3,112,68.75,2,2,3,21,5,2,21,41,9,9,1,0,0,0.29,0.0,0.29,0.04,0.0,2.02,0.72,0.43,0.29,0.29,0.43,3.02,3.02,1.3,1.3,0.14,0.0
1897455,36836,Martin Garcia,Aldosivi,Mediocampista,21,18,930,6.57,0,1,1,0,0.6,0.4,26,6,16,1,10,200,53.5,10,34,7,60,16,4,79,94,19,33,7,0,0,0.0,0.1,0.1,0.06,0.04,2.52,0.58,0.97,0.97,3.29,0.68,5.81,7.65,1.84,3.19,0.68,0.0
924526,7628,Guillermo Soto,Tigre,Defensor,32,6,386,6.57,0,0,0,0,0.04,0.23,3,0,2,1,5,137,77.37,3,7,2,18,14,1,14,20,1,6,0,0,0,0.0,0.0,0.0,0.01,0.05,0.7,0.0,1.17,0.7,1.63,0.47,4.2,3.26,0.23,1.4,0.0,0.0
1129485,65676,Ezequiel Naya,Central Córdoba,Delantero,25,19,1033,6.56,2,0,2,0,0.7,0.09,22,11,6,0,5,202,60.89,2,6,3,25,10,5,67,94,25,23,1,0,0,0.17,0.0,0.17,0.06,0.01,1.92,0.96,0.44,0.17,0.52,0.26,2.18,5.84,2.18,2.0,0.09,0.0
1990118,3201,Agustin Ladstatter,San Lorenzo,Defensor,21,15,507,6.56,0,0,0,0,0.27,0.31,12,3,6,1,8,135,77.04,11,5,0,25,2,3,25,39,8,8,0,1,0,0.0,0.0,0.0,0.05,0.06,2.13,0.53,1.42,1.95,0.89,0.0,4.44,4.44,1.42,1.42,0.0,0.18
1113232,3208,Aarón Quirós,Vélez Sarsfield,Defensor,24,7,381,6.56,0,0,0,0,0.02,0.2,2,1,0,0,1,192,84.9,0,2,2,14,30,1,9,14,1,4,1,0,0,0.0,0.0,0.0,0.0,0.05,0.47,0.24,0.24,0.0,0.47,0.47,3.31,2.13,0.24,0.94,0.24,0.0
1484795,266694,Agustin Quiroga,Estudiantes de Río Cuarto,Defensor,24,17,1162,6.56,0,0,0,0,0.26,0.07,20,4,12,0,8,416,66.83,5,21,18,58,71,4,68,68,9,18,4,0,0,0.0,0.0,0.0,0.02,0.01,1.55,0.31,0.62,0.39,1.63,1.39,4.49,5.27,0.7,1.39,0.31,0.0
1836623,3217,Gaspar Duarte,Rosario Central,Delantero,23,13,423,6.56,0,0,0,0,,0.0,9,2,3,0,5,98,76.53,7,8,2,15,4,4,32,38,15,5,1,0,0,0.0,0.0,0.0,,0.0,1.91,0.43,1.06,1.49,1.7,0.43,3.19,6.81,3.19,1.06,0.21,0.0
822607,3215,Tomás Conechny,Racing Club,Delantero,28,25,1299,6.56,3,2,5,0,0.92,0.91,22,6,10,5,21,406,70.69,1,23,9,48,16,6,86,134,9,24,2,0,0,0.21,0.14,0.35,0.06,0.06,1.52,0.42,1.45,0.07,1.59,0.62,3.33,5.96,0.62,1.66,0.14,0.0
963280,3217,Federico Navarro,Rosario Central,Mediocampista,26,21,564,6.56,0,0,0,0,0.11,0.05,2,0,1,0,0,305,86.23,3,22,5,42,12,1,30,34,2,11,3,0,0,0.0,0.0,0.0,0.02,0.01,0.32,0.0,0.0,0.48,3.51,0.8,6.7,4.79,0.32,1.76,0.48,0.0
897044,36833,Renzo Tesuri,Atlético Tucumán,Mediocampista,30,26,2002,6.55,2,1,3,0,0.7,0.23,25,8,7,2,12,488,68.85,7,42,10,94,16,10,84,123,26,11,3,0,0,0.09,0.04,0.13,0.03,0.01,1.12,0.36,0.54,0.31,1.89,0.45,4.23,3.78,1.17,0.49,0.13,0.0
295161,42338,Nicolás Pasquini,Sarmiento,Defensor,35,8,609,6.55,1,0,1,0,,0.18,2,1,1,2,3,163,69.33,1,11,2,13,18,0,17,11,0,1,0,0,0,0.15,0.0,0.15,,0.03,0.3,0.15,0.44,0.15,1.63,0.3,1.92,2.51,0.0,0.15,0.0,0.0
2110313,3210,Giovanni Baroni,CA Talleres,Mediocampista,17,19,881,6.55,0,3,3,0,0.02,0.29,17,5,5,3,15,348,73.85,10,18,1,42,5,7,54,57,14,10,1,0,0,0.0,0.31,0.31,0.0,0.03,1.74,0.51,1.53,1.02,1.84,0.1,4.29,5.52,1.43,1.02,0.1,0.0
2082109,3215,Mateo Martinez,Racing Club,Defensor,18,4,344,6.55,0,0,0,0,,0.07,0,0,0,0,1,225,87.11,1,5,2,17,21,0,16,13,5,4,1,0,0,0.0,0.0,0.0,,0.02,0.0,0.0,0.26,0.26,1.31,0.52,4.45,4.19,1.31,1.05,0.26,0.0
1199053,42338,Gabriel Díaz,Sarmiento,Defensor,26,11,449,6.55,0,0,0,0,0.22,0.04,3,1,2,0,3,113,79.65,5,5,4,19,23,0,13,27,2,9,0,1,0,0.0,0.0,0.0,0.04,0.01,0.6,0.2,0.6,1.0,1.0,0.8,3.81,2.61,0.4,1.8,0.0,0.2
1537838,3210,Valentín Fascendini,CA Talleres,Defensor,23,13,919,6.55,0,0,0,0,0.2,0.06,6,0,3,0,3,524,87.4,0,12,7,30,58,3,54,54,12,20,4,1,0,0.0,0.0,0.0,0.02,0.01,0.59,0.0,0.29,0.0,1.18,0.69,2.94,5.29,1.18,1.96,0.39,0.1
2119878,3203,Agustín Falcón,Club Atlético Belgrano,Defensor,21,8,497,6.55,0,0,0,0,0.04,0.15,1,0,0,0,0,164,70.12,2,12,7,25,14,1,24,24,5,9,4,0,0,0.0,0.0,0.0,0.01,0.03,0.18,0.0,0.0,0.36,2.17,1.27,4.53,4.35,0.91,1.63,0.72,0.0
981451,36837,Bruno Sepúlveda,Club Atlético Platense,Delantero,34,19,690,6.55,4,1,5,2,3.58,0.16,15,7,7,1,9,148,75.0,4,4,3,24,6,1,30,60,6,14,2,0,0,0.52,0.13,0.65,0.47,0.02,1.96,0.91,1.17,0.52,0.52,0.39,3.13,3.91,0.78,1.83,0.26,0.0
992131,266694,Tobías Ostchega,Estudiantes de Río Cuarto,Defensor,28,11,797,6.55,0,0,0,0,,,10,2,6,0,3,269,69.89,17,13,9,30,33,2,43,47,6,13,2,0,0,0.0,0.0,0.0,,,1.13,0.23,0.34,1.92,1.47,1.02,3.39,4.86,0.68,1.47,0.23,0.0
2192262,3209,Mateo Perez Curci,CA Independiente,Mediocampista,20,18,1190,6.54,0,1,1,0,0.4,0.51,10,1,4,2,15,351,84.05,11,26,11,73,20,5,66,95,18,15,3,0,0,0.0,0.08,0.08,0.03,0.04,0.76,0.08,1.13,0.83,1.97,0.83,5.52,4.99,1.36,1.13,0.23,0.0
1835787,36837,Tomas Nasif,Club Atlético Platense,Delantero,22,12,523,6.54,2,1,3,0,,,15,7,5,1,6,127,62.99,5,5,1,19,7,3,41,73,7,6,0,0,0,0.34,0.17,0.52,,,2.58,1.2,1.03,0.86,0.86,0.17,3.27,7.06,1.2,1.03,0.0,0.0
1094187,189723,Antony Alonso,Deportivo Riestra,Mediocampista,28,25,1722,6.54,4,1,5,0,1.46,0.52,34,19,11,2,18,283,55.83,8,20,11,61,24,4,95,145,7,23,3,0,0,0.21,0.05,0.26,0.08,0.03,1.78,0.99,0.94,0.42,1.05,0.57,3.19,4.97,0.37,1.2,0.16,0.0
874576,3217,Alan Rodríguez,Rosario Central,Mediocampista,26,5,346,6.54,1,0,1,0,0.86,0.13,7,2,4,0,5,151,78.15,4,6,4,22,2,1,14,26,3,3,1,0,0,0.26,0.0,0.26,0.22,0.03,1.82,0.52,1.3,1.04,1.56,1.04,5.72,3.64,0.78,0.78,0.26,0.0
883217,188441,Blas Armoa,Gimnasia y Esgrima Mendoza,Delantero,26,10,326,6.54,1,0,1,0,0.21,0.12,7,2,4,0,6,71,69.01,2,0,0,11,1,1,19,25,9,5,1,0,0,0.28,0.0,0.28,0.06,0.03,1.93,0.55,1.66,0.55,0.0,0.0,3.04,5.25,2.48,1.38,0.28,0.0
848075,3209,Iván Morales,CA Independiente,Delantero,27,19,1082,6.54,2,1,3,0,0.97,0.25,18,7,8,0,13,153,78.43,6,4,0,34,1,3,37,83,19,21,2,0,0,0.17,0.08,0.25,0.08,0.02,1.5,0.58,1.08,0.5,0.33,0.0,2.83,3.08,1.58,1.75,0.17,0.0
1085929,3205,Bautista Barros Schelotto,Gimnasia y Esgrima,Defensor,26,13,829,6.54,1,1,2,0,0.9,0.86,5,1,2,2,13,248,72.18,0,19,11,34,28,2,32,28,4,9,3,0,0,0.11,0.11,0.22,0.1,0.09,0.54,0.11,1.41,0.0,2.06,1.19,3.69,3.47,0.43,0.98,0.33,0.0
1048283,36836,Nathanael Guzmán,Aldosivi,Mediocampista,27,13,450,6.54,0,0,0,0,0.05,0.0,7,3,2,0,2,72,73.61,5,6,3,20,3,2,22,41,4,5,0,0,0,0.0,0.0,0.0,0.01,0.0,1.4,0.6,0.4,1.0,1.2,0.6,4.0,4.4,0.8,1.0,0.0,0.0
1482381,7628,Ian Subiabre,Tigre,Delantero,19,22,906,6.54,1,2,3,0,0.29,0.29,22,7,9,2,17,323,74.3,21,11,7,45,5,6,56,103,18,23,4,0,0,0.1,0.2,0.3,0.03,0.03,2.19,0.7,1.69,2.09,1.09,0.7,4.47,5.56,1.79,2.28,0.4,0.0
975220,36833,Javier Domínguez,Atlético Tucumán,Mediocampista,26,12,690,6.54,0,0,0,0,,,9,1,6,0,6,317,70.98,5,22,17,45,14,2,49,56,12,23,3,0,0,0.0,0.0,0.0,,,1.17,0.13,0.78,0.65,2.87,2.22,5.87,6.39,1.57,3.0,0.39,0.0
105717,3212,Michael Hoyos,Newell's Old Boys,Delantero,35,9,429,6.53,1,0,1,0,,,8,2,5,0,4,96,73.96,2,1,0,14,8,1,22,30,5,3,0,0,0,0.21,0.0,0.21,,,1.68,0.42,0.84,0.42,0.21,0.0,2.94,4.62,1.05,0.63,0.0,0.0
974691,36837,Gonzalo Lencina,Club Atlético Platense,Delantero,28,15,687,6.53,1,0,1,0,1.43,0.06,23,8,9,0,10,138,66.67,5,7,0,12,2,6,44,58,13,11,1,0,0,0.13,0.0,0.13,0.19,0.01,3.01,1.05,1.31,0.66,0.92,0.0,1.57,5.76,1.7,1.44,0.13,0.0
1182435,36837,Luciano Giménez,Club Atlético Platense,Delantero,26,11,323,6.53,1,0,1,0,0.77,0.04,8,5,1,0,7,86,60.47,0,8,3,12,10,2,35,39,4,11,3,0,0,0.28,0.0,0.28,0.21,0.01,2.23,1.39,1.95,0.0,2.23,0.84,3.34,9.75,1.11,3.07,0.84,0.0
2082122,3208,Alex Verón,Vélez Sarsfield,Delantero,17,12,369,6.53,0,0,0,0,0.48,0.07,6,4,0,0,2,76,72.37,6,3,5,13,1,2,13,23,4,2,0,0,0,0.0,0.0,0.0,0.12,0.02,1.46,0.98,0.49,1.46,0.73,1.22,3.17,3.17,0.98,0.49,0.0,0.0
1177668,36833,Franco Nicola,Atlético Tucumán,Mediocampista,24,23,1535,6.53,2,1,3,0,0.43,1.0,28,8,8,6,25,440,78.18,13,28,9,90,9,12,94,151,26,31,1,1,0,0.12,0.06,0.18,0.03,0.06,1.64,0.47,1.47,0.76,1.64,0.53,5.28,5.51,1.52,1.82,0.06,0.06
249843,3205,Lucas Janson,Gimnasia y Esgrima,Delantero,32,10,547,6.53,0,1,1,0,2.55,0.42,16,5,6,1,5,150,79.33,8,10,1,26,6,5,48,55,20,15,1,0,0,0.0,0.16,0.16,0.42,0.07,2.63,0.82,0.82,1.32,1.65,0.16,4.28,7.9,3.29,2.47,0.16,0.0
875295,3211,Matías Viña,River Plate,Defensor,28,10,552,6.53,0,0,0,0,,0.02,6,1,3,1,8,263,71.48,5,6,7,19,10,2,28,32,8,8,5,1,0,0.0,0.0,0.0,,0.0,0.98,0.16,1.3,0.82,0.98,1.14,3.1,4.57,1.3,1.3,0.82,0.16
340785,3201,Ezequiel Cerutti,San Lorenzo,Mediocampista,34,7,432,6.53,0,0,0,0,,,7,1,3,0,5,108,70.37,1,5,1,24,2,3,23,33,15,11,1,0,0,0.0,0.0,0.0,,,1.46,0.21,1.04,0.21,1.04,0.21,5.0,4.79,3.12,2.29,0.21,0.0
1114494,3212,Luciano Herrera,Newell's Old Boys,Mediocampista,30,16,836,6.53,0,1,1,0,0.45,0.11,19,7,9,1,4,123,68.29,18,9,6,46,18,3,53,86,17,33,4,0,0,0.0,0.11,0.11,0.05,0.01,2.05,0.75,0.43,1.94,0.97,0.65,4.95,5.71,1.83,3.55,0.43,0.0
1835767,3203,Lautaro Gutierrez,Club Atlético Belgrano,Delantero,20,19,497,6.52,3,0,3,0,0.42,0.32,14,6,5,2,6,119,71.43,6,4,0,12,7,3,28,66,5,5,0,0,0,0.54,0.0,0.54,0.08,0.06,2.54,1.09,1.09,1.09,0.72,0.0,2.17,5.07,0.91,0.91,0.0,0.0
895924,189723,Yonatan Goitia,Deportivo Riestra,Mediocampista,32,23,1243,6.52,0,1,1,0,0.17,0.26,20,2,8,1,3,321,58.88,3,33,16,57,27,10,66,70,18,34,7,1,0,0.0,0.07,0.07,0.01,0.02,1.45,0.14,0.22,0.22,2.39,1.16,4.13,4.78,1.3,2.46,0.51,0.07
986736,7628,Sebastián Medina,Tigre,Mediocampista,26,12,378,6.52,0,0,0,0,0.06,0.02,8,1,4,0,2,73,60.27,2,4,3,21,3,3,20,21,4,6,0,0,0,0.0,0.0,0.0,0.01,0.0,1.9,0.24,0.48,0.48,0.95,0.71,5.0,4.76,0.95,1.43,0.0,0.0
877628,65668,Jhonatan Candia,Barracas Central,Delantero,31,23,1154,6.52,1,0,1,0,1.35,0.16,24,10,9,1,11,311,67.85,14,7,5,37,15,5,87,107,19,30,4,0,0,0.08,0.0,0.08,0.11,0.01,1.87,0.78,0.86,1.09,0.55,0.39,2.89,6.79,1.48,2.34,0.31,0.0
951719,266694,Mauro Valiente,Estudiantes de Río Cuarto,Mediocampista,26,18,1013,6.52,1,0,1,0,0.66,0.17,21,4,12,2,12,221,64.25,13,14,4,38,6,5,50,81,12,15,3,0,0,0.09,0.0,0.09,0.06,0.02,1.87,0.36,1.07,1.15,1.24,0.36,3.38,4.44,1.07,1.33,0.27,0.0
1654117,189723,Gabriel Obredor,Deportivo Riestra,Mediocampista,29,18,627,6.52,0,0,0,0,0.04,0.14,12,3,6,1,9,124,56.45,8,16,3,21,9,3,73,89,10,22,2,0,0,0.0,0.0,0.0,0.01,0.02,1.72,0.43,1.29,1.15,2.3,0.43,3.01,10.48,1.44,3.16,0.29,0.0
1121463,3215,Adrián Fernández,Racing Club,Mediocampista,25,17,816,6.51,1,1,2,0,0.18,0.09,15,4,3,2,11,281,75.8,16,23,6,55,7,8,51,61,7,18,4,1,0,0.11,0.11,0.22,0.02,0.01,1.65,0.44,1.21,1.76,2.54,0.66,6.07,5.62,0.77,1.99,0.44,0.11
1179177,42338,Thiago Santamaría,Sarmiento,Defensor,23,16,1012,6.51,0,1,1,0,0.31,0.05,12,3,5,2,12,371,68.46,5,22,21,49,28,4,40,61,10,11,3,0,0,0.0,0.09,0.09,0.03,0.0,1.07,0.27,1.07,0.44,1.96,1.87,4.36,3.56,0.89,0.98,0.27,0.0
1176234,65676,Juan Pablo Pignani,Central Córdoba,Defensor,25,8,602,6.51,0,0,0,0,,,2,0,1,0,1,261,77.39,1,13,8,20,39,1,31,17,3,5,2,1,0,0.0,0.0,0.0,,,0.3,0.0,0.15,0.15,1.94,1.2,2.99,4.63,0.45,0.75,0.3,0.15
2199217,3208,Simon Escobar,Vélez Sarsfield,Defensor,17,8,441,6.51,0,0,0,0,0.32,0.08,7,0,4,0,1,153,71.24,5,14,2,19,0,3,32,38,10,6,1,0,0,0.0,0.0,0.0,0.07,0.02,1.43,0.0,0.2,1.02,2.86,0.41,3.88,6.53,2.04,1.22,0.2,0.0
1650474,266694,Tomas Gonzalez,Estudiantes de Río Cuarto,Mediocampista,27,24,1805,6.51,0,0,0,0,0.24,1.32,20,3,11,3,27,660,74.7,19,44,16,102,24,6,129,155,33,45,8,0,0,0.0,0.0,0.0,0.01,0.07,1.0,0.15,1.35,0.95,2.19,0.8,5.09,6.43,1.65,2.24,0.4,0.0
945103,36833,Gianluca Ferrari,Atlético Tucumán,Defensor,29,10,818,6.51,0,0,0,0,,0.0,7,1,5,1,5,250,70.8,2,11,12,18,55,1,41,41,6,14,2,0,0,0.0,0.0,0.0,,0.0,0.77,0.11,0.55,0.22,1.21,1.32,1.98,4.51,0.66,1.54,0.22,0.0
926812,188441,Juan Franco,Gimnasia y Esgrima Mendoza,Defensor,33,11,656,6.51,0,0,0,0,,0.21,1,0,1,1,3,168,75.0,7,8,5,22,14,0,25,33,8,11,3,1,0,0.0,0.0,0.0,,0.03,0.14,0.0,0.41,0.96,1.1,0.69,3.02,3.43,1.1,1.51,0.41,0.14
1537936,188441,Valentino Simoni,Gimnasia y Esgrima Mendoza,Delantero,22,17,633,6.51,1,0,1,0,0.56,0.0,8,7,1,0,9,158,64.56,5,7,2,15,12,0,42,64,3,5,1,0,0,0.14,0.0,0.14,0.08,0.0,1.14,1.0,1.28,0.71,1.0,0.28,2.13,5.97,0.43,0.71,0.14,0.0
887430,7628,Alfio Oviedo,Tigre,Delantero,30,13,379,6.5,1,0,1,0,1.34,0.02,9,4,3,0,5,87,60.92,1,3,0,6,5,2,41,51,7,14,3,0,0,0.24,0.0,0.24,0.32,0.0,2.14,0.95,1.19,0.24,0.71,0.0,1.42,9.74,1.66,3.32,0.71,0.0
1485098,42338,Julian Contrera,Sarmiento,Mediocampista,23,22,1329,6.5,0,3,3,0,0.27,0.73,16,6,5,6,27,284,64.79,13,25,9,63,13,5,63,139,19,43,8,0,0,0.0,0.2,0.2,0.02,0.05,1.08,0.41,1.83,0.88,1.69,0.61,4.27,4.27,1.29,2.91,0.54,0.0
1087004,189723,Ignacio Gariglio,Deportivo Riestra,Defensor,28,6,323,6.5,0,0,0,0,0.07,0.01,3,1,2,0,0,47,46.81,1,7,5,12,20,0,14,16,0,3,2,0,0,0.0,0.0,0.0,0.02,0.0,0.84,0.28,0.0,0.28,1.95,1.39,3.34,3.9,0.0,0.84,0.56,0.0
1018426,36837,Juan Gauto,Club Atlético Platense,Mediocampista,22,22,1254,6.5,0,2,2,0,0.24,0.73,26,9,10,4,28,428,83.41,18,15,9,86,1,7,48,111,13,15,1,0,0,0.0,0.14,0.14,0.02,0.05,1.87,0.65,2.01,1.29,1.08,0.65,6.17,3.44,0.93,1.08,0.07,0.0
822088,3210,Diego Valoyes,CA Talleres,Delantero,30,10,337,6.49,0,1,1,0,0.12,0.02,10,3,4,2,3,91,67.03,12,6,1,21,4,3,27,52,3,11,0,0,0,0.0,0.27,0.27,0.03,0.01,2.67,0.8,0.8,3.2,1.6,0.27,5.61,7.21,0.8,2.94,0.0,0.0
1003016,36836,Matías Godoy,Aldosivi,Mediocampista,24,8,471,6.49,0,0,0,0,0.19,0.19,7,0,4,0,6,117,78.63,7,12,3,26,0,3,33,40,12,4,1,0,0,0.0,0.0,0.0,0.04,0.04,1.34,0.0,1.15,1.34,2.29,0.57,4.97,6.31,2.29,0.76,0.19,0.0
1105366,42338,Manuel Garcia,Sarmiento,Mediocampista,27,14,892,6.49,0,0,0,0,0.01,0.01,2,0,0,0,3,297,71.04,5,28,9,46,16,2,39,62,4,27,3,0,0,0.0,0.0,0.0,0.0,0.0,0.2,0.0,0.3,0.5,2.83,0.91,4.64,3.93,0.4,2.72,0.3,0.0
838770,189723,Nicolás Benegas,Deportivo Riestra,Delantero,30,18,825,6.48,1,0,1,0,2.1,0.25,33,15,9,1,8,209,47.37,9,13,3,32,11,9,65,116,8,31,6,0,0,0.11,0.0,0.11,0.23,0.03,3.6,1.64,0.87,0.98,1.42,0.33,3.49,7.09,0.87,3.38,0.65,0.0
859997,4937,Matías Tissera,Instituto De Córdoba,Delantero,30,16,808,6.48,2,0,2,0,3.55,0.25,23,9,8,0,7,143,69.93,1,4,0,20,6,6,25,63,11,8,1,0,0,0.22,0.0,0.22,0.4,0.03,2.56,1.0,0.78,0.11,0.45,0.0,2.23,2.78,1.23,0.89,0.11,0.0
2266402,36833,Carlos Abeldano,Atlético Tucumán,Delantero,21,9,576,6.48,1,0,1,0,,,13,3,7,0,2,75,61.33,3,7,1,14,2,3,33,60,6,7,2,0,0,0.16,0.0,0.16,,,2.03,0.47,0.31,0.47,1.09,0.16,2.19,5.16,0.94,1.09,0.31,0.0
966531,36836,Joaquín Novillo,Aldosivi,Defensor,28,8,655,6.48,0,0,0,0,,,3,2,0,0,1,184,79.89,0,7,10,15,37,1,33,27,3,14,0,0,0,0.0,0.0,0.0,,,0.41,0.27,0.14,0.0,0.96,1.37,2.06,4.53,0.41,1.92,0.0,0.0
1018403,42338,Gastón Arturia,Sarmiento,Defensor,26,12,510,6.48,0,0,0,0,0.11,0.0,5,1,2,0,0,151,74.17,0,7,7,8,33,2,29,30,5,11,1,0,0,0.0,0.0,0.0,0.02,0.0,0.88,0.18,0.0,0.0,1.24,1.24,1.41,5.12,0.88,1.94,0.18,0.0
581782,3212,Gabriel Arias,Newell's Old Boys,Portero,39,7,613,6.47,0,0,0,0,,,0,0,0,0,1,138,40.58,0,1,0,44,8,0,2,0,0,0,1,0,0,0.0,0.0,0.0,,,0.0,0.0,0.15,0.0,0.15,0.0,6.46,0.29,0.0,0.0,0.15,0.0
1464531,36833,Manuel Brondo,Atlético Tucumán,Delantero,24,12,307,6.47,0,0,0,0,0.17,0.06,6,2,4,0,0,51,60.78,2,4,3,8,4,0,17,31,7,7,0,0,0,0.0,0.0,0.0,0.05,0.02,1.76,0.59,0.0,0.59,1.17,0.88,2.35,4.98,2.05,2.05,0.0,0.0
974740,266694,Juan Antonini,Estudiantes de Río Cuarto,Defensor,27,15,1223,6.47,0,0,0,0,,0.08,6,1,3,0,5,403,71.96,2,24,35,38,75,2,58,52,3,8,1,1,1,0.0,0.0,0.0,,0.01,0.44,0.07,0.37,0.15,1.77,2.58,2.8,4.27,0.22,0.59,0.07,0.07
848619,65668,Norberto Briasco,Barracas Central,Delantero,30,17,953,6.46,1,0,1,0,0.82,0.42,21,8,10,0,12,272,69.85,9,14,4,32,11,3,73,113,21,25,5,0,0,0.09,0.0,0.09,0.08,0.04,1.98,0.76,1.13,0.85,1.32,0.38,3.02,6.89,1.98,2.36,0.47,0.0
994451,266694,Mateo Bajamich,Estudiantes de Río Cuarto,Delantero,27,19,987,6.46,1,0,1,0,0.8,0.06,21,9,9,1,12,229,63.76,2,7,2,26,7,3,42,78,12,6,0,0,0,0.09,0.0,0.09,0.07,0.01,1.91,0.82,1.09,0.18,0.64,0.18,2.37,3.83,1.09,0.55,0.0,0.0
1651228,3218,Bruno Cabrera,CA Lanús,Mediocampista,23,8,306,6.46,0,0,0,0,,,7,1,3,0,2,83,74.7,3,4,3,17,4,3,19,27,8,11,1,0,0,0.0,0.0,0.0,,,2.06,0.29,0.59,0.88,1.18,0.88,5.0,5.59,2.35,3.24,0.29,0.0
1084972,3205,Manuel Panaro,Gimnasia y Esgrima,Mediocampista,23,21,907,6.46,1,1,2,0,0.92,0.06,23,7,12,1,6,184,72.83,14,12,5,44,15,4,59,74,21,13,3,1,0,0.1,0.1,0.2,0.09,0.01,2.28,0.69,0.6,1.39,1.19,0.5,4.37,5.85,2.08,1.29,0.3,0.1
1003024,65676,Lucas Varaldo,Central Córdoba,Delantero,24,15,447,6.46,0,0,0,0,0.21,0.06,10,2,5,0,1,113,71.68,8,6,1,12,1,3,26,38,3,4,2,0,0,0.0,0.0,0.0,0.04,0.01,2.01,0.4,0.2,1.61,1.21,0.2,2.42,5.23,0.6,0.81,0.4,0.0
2503074,36836,Felipe Anso,Aldosivi,Delantero,19,7,456,6.46,1,0,1,0,0.09,0.18,7,2,4,0,5,84,63.1,11,8,2,16,6,1,26,41,3,8,2,0,0,0.2,0.0,0.2,0.02,0.04,1.38,0.39,0.99,2.17,1.58,0.39,3.16,5.13,0.59,1.58,0.39,0.0
2294279,3204,Misael Aguirre,Club Atlético Unión de Santa Fe,Delantero,18,18,573,6.46,1,0,1,0,1.74,0.16,17,3,12,0,6,144,74.31,5,7,3,29,10,2,24,53,2,10,0,0,0,0.16,0.0,0.16,0.27,0.03,2.67,0.47,0.94,0.79,1.1,0.47,4.55,3.77,0.31,1.57,0.0,0.0
1537927,36837,Mateo Mendia,Club Atlético Platense,Defensor,22,9,810,6.46,0,0,0,0,0.12,0.06,6,2,3,0,3,405,80.74,6,7,12,27,48,1,32,34,2,11,3,0,0,0.0,0.0,0.0,0.01,0.01,0.67,0.22,0.33,0.67,0.78,1.33,3.0,3.56,0.22,1.22,0.33,0.0
2110310,3208,Dilan Godoy,Vélez Sarsfield,Delantero,20,21,862,6.45,0,3,3,0,0.81,0.31,26,8,13,3,14,243,67.08,6,14,7,30,8,5,60,88,12,13,2,0,0,0.0,0.31,0.31,0.08,0.03,2.71,0.84,1.46,0.63,1.46,0.73,3.13,6.26,1.25,1.36,0.21,0.0
895720,36837,Leonardo Heredia,Club Atlético Platense,Delantero,30,19,793,6.45,0,0,0,0,0.42,0.06,20,6,10,0,6,159,67.3,4,4,9,20,9,4,45,63,9,13,3,0,0,0.0,0.0,0.0,0.05,0.01,2.27,0.68,0.68,0.45,0.45,1.02,2.27,5.11,1.02,1.48,0.34,0.0
981454,266694,Javier Ferreira,Estudiantes de Río Cuarto,Delantero,34,18,538,6.44,0,0,0,0,0.16,0.12,17,4,10,0,3,132,52.27,6,5,3,20,7,3,56,68,17,10,3,0,0,0.0,0.0,0.0,0.03,0.02,2.84,0.67,0.5,1.0,0.84,0.5,3.35,9.37,2.84,1.67,0.5,0.0
1597527,36842,Diego Crego,Independiente Rivadavia,Mediocampista,29,11,430,6.44,0,0,0,0,0.01,0.12,7,1,5,0,3,121,69.42,5,13,10,28,10,1,30,28,7,5,2,0,0,0.0,0.0,0.0,0.0,0.03,1.47,0.21,0.63,1.05,2.72,2.09,5.86,6.28,1.47,1.05,0.42,0.0
1086999,7628,Gonzalo Piñeiro,Tigre,Mediocampista,25,7,319,6.44,0,0,0,0,,,1,1,0,0,2,128,76.56,1,6,6,18,8,0,13,27,3,15,3,0,0,0.0,0.0,0.0,,,0.28,0.28,0.56,0.28,1.69,1.69,5.08,3.67,0.85,4.23,0.85,0.0
2173287,36836,Juan Bautista Dadín,Aldosivi,Delantero,20,12,323,6.44,0,0,0,0,0.08,0.06,7,4,2,0,5,95,78.95,2,11,1,14,0,1,14,34,0,6,3,0,0,0.0,0.0,0.0,0.02,0.02,1.95,1.11,1.39,0.56,3.07,0.28,3.9,3.9,0.0,1.67,0.84,0.0
924518,4937,Nicolás Guerra,Instituto De Córdoba,Delantero,27,19,583,6.43,1,0,1,0,1.42,0.03,24,5,11,0,4,124,75.0,5,6,3,10,5,8,33,77,9,25,4,0,0,0.15,0.0,0.15,0.22,0.0,3.7,0.77,0.62,0.77,0.93,0.46,1.54,5.09,1.39,3.86,0.62,0.0
933164,65668,Facundo Bruera,Barracas Central,Delantero,28,22,1376,6.42,1,1,2,0,1.0,0.34,35,14,13,2,22,314,54.46,6,12,2,31,19,8,125,190,16,40,6,0,0,0.07,0.07,0.13,0.07,0.02,2.29,0.92,1.44,0.39,0.78,0.13,2.03,8.18,1.05,2.62,0.39,0.0
2186558,36837,Celías Ingenthron,Club Atlético Platense,Defensor,18,6,378,6.42,0,0,0,0,,0.11,1,0,0,0,1,147,80.27,0,13,2,26,13,1,24,24,7,7,1,1,0,0.0,0.0,0.0,,0.03,0.24,0.0,0.24,0.0,3.1,0.48,6.19,5.71,1.67,1.67,0.24,0.24
873763,42338,Jonathan Herrera,Sarmiento,Delantero,35,26,1616,6.42,1,0,1,0,2.31,0.66,38,15,14,2,11,257,59.53,8,15,6,36,18,9,72,121,12,29,4,0,0,0.06,0.0,0.06,0.13,0.04,2.12,0.84,0.61,0.45,0.84,0.33,2.0,4.01,0.67,1.62,0.22,0.0
962029,3211,Lucas Beltrán,River Plate,Delantero,25,10,505,6.41,0,2,2,0,1.52,0.85,12,4,6,3,8,134,80.6,3,6,0,8,1,2,25,51,8,5,0,0,0,0.0,0.36,0.36,0.27,0.15,2.14,0.71,1.43,0.53,1.07,0.0,1.43,4.46,1.43,0.89,0.0,0.0
40776,4937,Franco Jara,Instituto De Córdoba,Delantero,38,11,712,6.41,1,1,2,1,0.05,0.01,19,6,10,1,6,162,77.78,8,5,3,24,4,3,40,53,15,13,2,0,0,0.13,0.13,0.25,0.01,0.0,2.4,0.76,0.76,1.01,0.63,0.38,3.03,5.06,1.9,1.64,0.25,0.0
2317412,3212,Lautaro Rios,Newell's Old Boys,Delantero,20,7,416,6.39,0,1,1,0,0.87,0.1,6,0,5,0,1,58,77.59,6,13,1,18,4,1,27,46,4,9,0,0,0,0.0,0.22,0.22,0.19,0.02,1.3,0.0,0.22,1.3,2.81,0.22,3.89,5.84,0.87,1.95,0.0,0.0
996998,4937,Matías Fonseca,Instituto De Córdoba,Delantero,25,17,590,6.38,1,0,1,0,0.28,0.01,15,3,9,0,1,146,58.9,1,7,2,17,2,3,31,51,6,22,2,0,0,0.15,0.0,0.15,0.04,0.0,2.29,0.46,0.15,0.15,1.07,0.31,2.59,4.73,0.92,3.36,0.31,0.0
579316,3203,Lucas Passerini,Club Atlético Belgrano,Delantero,32,24,1195,6.37,3,7,10,1,4.62,1.28,39,13,18,7,21,293,69.28,12,7,4,37,21,8,84,175,28,36,3,1,0,0.23,0.53,0.75,0.35,0.1,2.94,0.98,1.58,0.9,0.53,0.3,2.79,6.33,2.11,2.71,0.23,0.08
1525988,7629,Leandro Lescano,Huracán,Defensor,23,9,320,6.34,0,0,0,0,0.07,0.02,5,1,4,0,2,106,66.98,3,9,5,17,11,0,26,23,5,11,1,2,0,0.0,0.0,0.0,0.02,0.01,1.41,0.28,0.56,0.84,2.53,1.41,4.78,7.31,1.41,3.09,0.28,0.56
1114869,3212,Martín Luciano,Newell's Old Boys,Defensor,22,9,504,6.34,0,0,0,0,,0.11,1,1,0,1,3,168,69.64,6,15,7,25,17,0,35,28,5,13,3,0,0,0.0,0.0,0.0,,0.02,0.18,0.18,0.54,1.07,2.68,1.25,4.46,6.25,0.89,2.32,0.54,0.0
846158,36836,Junior Arias,Aldosivi,Delantero,33,11,715,6.33,0,0,0,0,,,19,3,11,0,7,149,71.81,2,4,4,19,8,5,34,51,7,6,2,0,0,0.0,0.0,0.0,,,2.39,0.38,0.88,0.25,0.5,0.5,2.39,4.28,0.88,0.76,0.25,0.0
1117058,42338,Juan Manuel Cabrera,Sarmiento,Defensor,26,8,365,6.29,0,0,0,0,,0.0,1,0,1,0,1,122,67.21,0,6,5,12,8,0,13,27,2,9,2,0,0,0.0,0.0,0.0,,0.0,0.25,0.0,0.25,0.0,1.48,1.23,2.96,3.21,0.49,2.22,0.49,0.0
906811,3215,Adrián Martínez,Racing Club,Delantero,34,22,1787,6.21,5,1,6,1,2.45,0.54,41,13,22,1,14,299,71.24,3,9,3,38,13,6,37,128,10,37,4,2,0,0.25,0.05,0.3,0.12,0.03,2.06,0.65,0.71,0.15,0.45,0.15,1.91,1.86,0.5,1.86,0.2,0.1
2036024,266694,Yeison Moreno,Estudiantes de Río Cuarto,Delantero,29,6,307,6.2,0,0,0,0,0.13,0.06,6,1,5,0,2,64,65.63,2,3,1,13,5,0,17,40,2,8,1,0,0,0.0,0.0,0.0,0.04,0.02,1.76,0.29,0.59,0.59,0.88,0.29,3.81,4.98,0.59,2.35,0.29,0.0
